
-- PH Acido

INSERT INTO fish (id, name, size, minnumber, mintemperature, maxtemperature, widthtank, lengthtank,imageurl)
VALUES(1, 'Borboleta', 3, 8, 24, 30, 60, 30,'http://www.aquarismopaulista.com/wp-content/uploads/2015/01/Gasteropelecus-levis.jpg');
INSERT INTO fish_ph (fish_id, ph_id) VALUES(1, 1);
INSERT INTO fish_dh (fish_id, dh_id) VALUES(1, 1);
INSERT INTO fish_dh (fish_id, dh_id) VALUES(1, 2);
INSERT INTO fish_dh (fish_id, dh_id) VALUES(1, 3);

INSERT INTO fish (id, name, size, minnumber, mintemperature, maxtemperature, widthtank, lengthtank,imageurl)
VALUES(4, 'Barbo', 5, 6, 18, 28, 80, 30,'http://www.aquarismopaulista.com/wp-content/uploads/2014/08/Puntius-semifasciolatus1.jpg');
INSERT INTO fish_ph (fish_id, ph_id) VALUES(1, 1);
INSERT INTO fish_ph (fish_id, ph_id) VALUES(1, 2);
INSERT INTO fish_dh (fish_id, dh_id) VALUES(1, 2);
INSERT INTO fish_dh (fish_id, dh_id) VALUES(1, 3);
INSERT INTO fish_dh (fish_id, dh_id) VALUES(1, 4);

INSERT INTO fish (id, name, size, minnumber, mintemperature, maxtemperature, widthtank, lengthtank,imageurl)
VALUES(13, 'Apistograma', 4, 1, 24, 30, 60, 30,'http://www.aquarismopaulista.com/wp-content/uploads/2016/01/Apistogramma-gossei.jpg');
INSERT INTO fish_ph (fish_id, ph_id) VALUES(13, 1);
INSERT INTO fish_dh (fish_id, dh_id) VALUES(13, 1);
INSERT INTO fish_dh (fish_id, dh_id) VALUES(13, 2);
INSERT INTO fish_dh (fish_id, dh_id) VALUES(13, 3);

INSERT INTO fish (id, name, size, minnumber, mintemperature, maxtemperature, widthtank, lengthtank,imageurl)
VALUES(17, 'Cruzeiro do Sul', 10, 6, 23, 28, 100, 50,'http://www.aquarismopaulista.com/wp-content/uploads/2018/03/Hemiodus-gracilis2.jpg');
INSERT INTO fish_ph (fish_id, ph_id) VALUES(17, 1);
INSERT INTO fish_dh (fish_id, dh_id) VALUES(17, 1);
INSERT INTO fish_dh (fish_id, dh_id) VALUES(17, 2);
INSERT INTO fish_dh (fish_id, dh_id) VALUES(17, 3);
INSERT INTO fish_dh (fish_id, dh_id) VALUES(17, 4);

INSERT INTO fish (id, name, size, minnumber, mintemperature, maxtemperature, widthtank, lengthtank,imageurl)
VALUES(19, 'Acará Disco', 15, 6, 26, 30, 100, 40,'http://www.aquarismopaulista.com/wp-content/uploads/2018/06/Symphysodon-aquifasciatus.jpg');
INSERT INTO fish_ph (fish_id, ph_id) VALUES(19, 1);
INSERT INTO fish_ph (fish_id, ph_id) VALUES(19, 2);
INSERT INTO fish_dh (fish_id, dh_id) VALUES(19, 1);

INSERT INTO fish (id, name, size, minnumber, mintemperature, maxtemperature, widthtank, lengthtank,imageurl)
VALUES(22, 'Colisa', 7, 1, 22, 28, 80, 30,'http://www.aquarismopaulista.com/wp-content/uploads/Thricogaster-labiosa.jpg');
INSERT INTO fish_ph (fish_id, ph_id) VALUES(22, 1);
INSERT INTO fish_ph (fish_id, ph_id) VALUES(22, 2);
INSERT INTO fish_dh (fish_id, dh_id) VALUES(22, 1);
INSERT INTO fish_dh (fish_id, dh_id) VALUES(22, 2);
INSERT INTO fish_dh (fish_id, dh_id) VALUES(22, 3);

INSERT INTO fish (id, name, size, minnumber, mintemperature, maxtemperature, widthtank, lengthtank,imageurl)
VALUES(29, 'Mocinha', 5, 1, 18, 28, 80, 30,'http://www.aquarismopaulista.com/wp-content/uploads/2015/06/Characidium-fasciatum.jpg');
INSERT INTO fish_ph (fish_id, ph_id) VALUES(29, 1);
INSERT INTO fish_dh (fish_id, dh_id) VALUES(29, 1);
INSERT INTO fish_dh (fish_id, dh_id) VALUES(29, 2);
INSERT INTO fish_dh (fish_id, dh_id) VALUES(29, 3);
INSERT INTO fish_dh (fish_id, dh_id) VALUES(29, 4);
INSERT INTO fish_dh (fish_id, dh_id) VALUES(29, 5);

INSERT INTO fish (id, name, size, minnumber, mintemperature, maxtemperature, widthtank, lengthtank,imageurl)
VALUES(33, 'Neon', 3, 10, 24, 30, 60, 30,'http://www.aquarismopaulista.com/wp-content/uploads/Paracheirodon-axelrodi1.jpg');
INSERT INTO fish_ph (fish_id, ph_id) VALUES(33, 1);
INSERT INTO fish_dh (fish_id, dh_id) VALUES(33, 1);
INSERT INTO fish_dh (fish_id, dh_id) VALUES(33, 2);

INSERT INTO fish (id, name, size, minnumber, mintemperature, maxtemperature, widthtank, lengthtank,imageurl)
VALUES(37, 'Mato Grosso', 4, 6, 20, 30, 60, 30,'http://www.aquarismopaulista.com/wp-content/uploads/2015/06/Hyphessobrycon-eques.jpg');
INSERT INTO fish_ph (fish_id, ph_id) VALUES(37, 1);
INSERT INTO fish_dh (fish_id, dh_id) VALUES(37, 2);
INSERT INTO fish_dh (fish_id, dh_id) VALUES(37, 3);

INSERT INTO fish (id, name, size, minnumber, mintemperature, maxtemperature, widthtank, lengthtank,imageurl)
VALUES(41, 'Rasbora', 3, 10, 24, 28, 60, 30,'http://www.aquarismopaulista.com/wp-content/uploads/2019/02/Rasbora-rubrodorsalis2.jpg');
INSERT INTO fish_ph (fish_id, ph_id) VALUES(41, 1);
INSERT INTO fish_dh (fish_id, dh_id) VALUES(41, 2);
INSERT INTO fish_dh (fish_id, dh_id) VALUES(41, 3);

INSERT INTO fish (id, name, size, minnumber, mintemperature, maxtemperature, widthtank, lengthtank,imageurl)
VALUES(42, 'Rosáceo', 4, 6, 24, 28, 60, 30,'http://www.aquarismopaulista.com/wp-content/uploads/2015/06/Hyphessobrycon-erythrostigma1.jpg');
INSERT INTO fish_ph (fish_id, ph_id) VALUES(42, 1);
INSERT INTO fish_dh (fish_id, dh_id) VALUES(42, 2);
INSERT INTO fish_dh (fish_id, dh_id) VALUES(42, 3);

INSERT INTO fish (id, name, size, minnumber, mintemperature, maxtemperature, widthtank, lengthtank,imageurl)
VALUES(43, 'Ramirezi', 4, 1, 24, 30, 60, 30,'http://www.aquarismopaulista.com/wp-content/uploads/2014/09/Mikrogeophagus-ramirezi1.jpg');
INSERT INTO fish_ph (fish_id, ph_id) VALUES(43, 1)
INSERT INTO fish_dh (fish_id, dh_id) VALUES(43, 2);
INSERT INTO fish_dh (fish_id, dh_id) VALUES(43, 3);

INSERT INTO fish (id, name, size, minnumber, mintemperature, maxtemperature, widthtank, lengthtank,imageurl)
VALUES(47, 'Tetra', 4, 6, 20, 30, 60, 30,'http://www.aquarismopaulista.com/wp-content/uploads/2015/06/Gymnocorymbus-ternetzi1.jpg');
INSERT INTO fish_ph (fish_id, ph_id) VALUES(47, 1)
INSERT INTO fish_dh (fish_id, dh_id) VALUES(47, 1);
INSERT INTO fish_dh (fish_id, dh_id) VALUES(47, 2);
INSERT INTO fish_dh (fish_id, dh_id) VALUES(47, 3);

INSERT INTO fish (id, name, size, minnumber, mintemperature, maxtemperature, widthtank, lengthtank,imageurl)
VALUES(48, 'Tricogaster Leeri', 8, 1, 24, 30, 80, 30,'http://www.aquarismopaulista.com/wp-content/uploads/Trichogaster-leerii5.jpg');
INSERT INTO fish_ph (fish_id, ph_id) VALUES(48, 1)
INSERT INTO fish_dh (fish_id, dh_id) VALUES(48, 2);
INSERT INTO fish_dh (fish_id, dh_id) VALUES(48, 3);
INSERT INTO fish_dh (fish_id, dh_id) VALUES(48, 4);

INSERT INTO fish (id, name, size, minnumber, mintemperature, maxtemperature, widthtank, lengthtank,imageurl)
VALUES(49, 'Tricogaster', 10, 1, 22, 30, 80, 30,'http://www.aquarismopaulista.com/wp-content/uploads/Trichogaster-trichopterus.jpg');
INSERT INTO fish_ph (fish_id, ph_id) VALUES(49, 1)
INSERT INTO fish_dh (fish_id, dh_id) VALUES(49, 2);
INSERT INTO fish_dh (fish_id, dh_id) VALUES(49, 3);
INSERT INTO fish_dh (fish_id, dh_id) VALUES(49, 4);


-- PH Neutro

INSERT INTO fish (id, name, size, minnumber, mintemperature, maxtemperature, widthtank, lengthtank,imageurl)
VALUES(34, 'Oscar', 5, 6, 24, 28, 80, 30,'');
INSERT INTO fish_ph (fish_id, ph_id) VALUES(34, 2)

INSERT INTO fish (id, name, size, minnumber, mintemperature, maxtemperature, widthtank, lengthtank,imageurl)
VALUES(2, 'Acará Bandeira', 5, 6, 24, 28, 80, 30,'');
INSERT INTO fish_ph (fish_id, ph_id) VALUES(2, 2);

INSERT INTO fish (id, name, size, minnumber, mintemperature, maxtemperature, widthtank, lengthtank,imageurl)
VALUES(5, 'Beijador', 5, 6, 24, 28, 80, 30,'');
INSERT INTO fish_ph (fish_id, ph_id) VALUES(5, 2);

INSERT INTO fish (id, name, size, minnumber, mintemperature, maxtemperature, widthtank, lengthtank,imageurl)
VALUES(6, 'Betta', 5, 6, 24, 28, 80, 30,'');
INSERT INTO fish_ph (fish_id, ph_id) VALUES(6, 2);

INSERT INTO fish (id, name, size, minnumber, mintemperature, maxtemperature, widthtank, lengthtank,imageurl)
VALUES(7, 'Botia', 5, 6, 24, 28, 80, 30,'');
INSERT INTO fish_ph (fish_id, ph_id) VALUES(7, 2);

INSERT INTO fish (id, name, size, minnumber, mintemperature, maxtemperature, widthtank, lengthtank,imageurl)
VALUES(8, 'Cascudo', 5, 6, 24, 28, 80, 30,'');
INSERT INTO fish_ph (fish_id, ph_id) VALUES(8, 1);
INSERT INTO fish_ph (fish_id, ph_id) VALUES(8, 2);

INSERT INTO fish (id, name, size, minnumber, mintemperature, maxtemperature, widthtank, lengthtank,imageurl)
VALUES(16, 'Corydoras', 5, 6, 24, 28, 80, 30,'');
INSERT INTO fish_ph (fish_id, ph_id) VALUES(16, 2);

INSERT INTO fish (id, name, size, minnumber, mintemperature, maxtemperature, widthtank, lengthtank,imageurl)
VALUES(18, 'Danio', 5, 6, 24, 28, 80, 30,'');
INSERT INTO fish_ph (fish_id, ph_id) VALUES(18, 2);

INSERT INTO fish (id, name, size, minnumber, mintemperature, maxtemperature, widthtank, lengthtank,imageurl)
VALUES(21, 'Kinguio', 5, 6, 24, 28, 80, 30,'');
INSERT INTO fish_ph (fish_id, ph_id) VALUES(21, 2);

INSERT INTO fish (id, name, size, minnumber, mintemperature, maxtemperature, widthtank, lengthtank,imageurl)
VALUES(25, 'Camarão', 5, 6, 24, 28, 80, 30,'');
INSERT INTO fish_ph (fish_id, ph_id) VALUES(25, 2)

INSERT INTO fish (id, name, size, minnumber, mintemperature, maxtemperature, widthtank, lengthtank,imageurl)
VALUES(26, 'Killifish', 5, 6, 24, 28, 80, 30,'');
INSERT INTO fish_ph (fish_id, ph_id) VALUES(26, 2)

INSERT INTO fish (id, name, size, minnumber, mintemperature, maxtemperature, widthtank, lengthtank,imageurl)
VALUES(27, 'Faca', 5, 6, 24, 28, 80, 30,'');
INSERT INTO fish_ph (fish_id, ph_id) VALUES(27, 2)

INSERT INTO fish (id, name, size, minnumber, mintemperature, maxtemperature, widthtank, lengthtank,imageurl)
VALUES(32, 'Moreia', 5, 6, 24, 28, 80, 30,'');
INSERT INTO fish_ph (fish_id, ph_id) VALUES(32, 2)

INSERT INTO fish (id, name, size, minnumber, mintemperature, maxtemperature, widthtank, lengthtank,imageurl)
VALUES(35, 'Paulistinha', 5, 6, 24, 28, 80, 30,'');
INSERT INTO fish_ph (fish_id, ph_id) VALUES(35, 2)

INSERT INTO fish (id, name, size, minnumber, mintemperature, maxtemperature, widthtank, lengthtank,imageurl)
VALUES(36, 'Arco Íris', 5, 6, 24, 28, 80, 30,'');
INSERT INTO fish_ph (fish_id, ph_id) VALUES(36, 2)

INSERT INTO fish (id, name, size, minnumber, mintemperature, maxtemperature, widthtank, lengthtank,imageurl)
VALUES(40, 'Lagosta', 5, 6, 24, 28, 80, 30,'');
INSERT INTO fish_ph (fish_id, ph_id) VALUES(40, 2)

INSERT INTO fish (id, name, size, minnumber, mintemperature, maxtemperature, widthtank, lengthtank,imageurl)
VALUES(44, 'Labeo', 5, 6, 24, 28, 80, 30,'');
INSERT INTO fish_ph (fish_id, ph_id) VALUES(44, 2)

INSERT INTO fish (id, name, size, minnumber, mintemperature, maxtemperature, widthtank, lengthtank,imageurl)
VALUES(45, 'Limpa Vidro', 5, 6, 24, 28, 80, 30,'');
INSERT INTO fish_ph (fish_id, ph_id) VALUES(45, 2)

INSERT INTO fish (id, name, size, minnumber, mintemperature, maxtemperature, widthtank, lengthtank,imageurl)
VALUES(46, 'Synodontis', 5, 6, 24, 28, 80, 30,'');
INSERT INTO fish_ph (fish_id, ph_id) VALUES(46, 2)

INSERT INTO fish (id, name, size, minnumber, mintemperature, maxtemperature, widthtank, lengthtank,imageurl)
VALUES(50, 'Tanicti', 5, 6, 24, 28, 80, 30,'');
INSERT INTO fish_ph (fish_id, ph_id) VALUES(50, 2)

-- PH Alcalino
INSERT INTO fish (id, name, size, minnumber, mintemperature, maxtemperature, widthtank, lengthtank,imageurl)
VALUES(10, 'Ciclídeos Africanos Malawi', 5, 6, 24, 28, 80, 30,'');
INSERT INTO fish_ph (fish_id, ph_id) VALUES(10, 3);

INSERT INTO fish (id, name, size, minnumber, mintemperature, maxtemperature, widthtank, lengthtank,imageurl)
VALUES(11, 'Ciclídeos Africanos Tanganyika', 5, 6, 24, 28, 80, 30,'');
INSERT INTO fish_ph (fish_id, ph_id) VALUES(11, 3);

INSERT INTO fish (id, name, size, minnumber, mintemperature, maxtemperature, widthtank, lengthtank,imageurl)
VALUES(12, 'Ciclídeos Africanos Victoria', 5, 6, 24, 28, 80, 30,'');
INSERT INTO fish_ph (fish_id, ph_id) VALUES(12, 4);

INSERT INTO fish (id, name, size, minnumber, mintemperature, maxtemperature, widthtank, lengthtank,imageurl)
VALUES(20, 'Espada', 5, 6, 24, 28, 80, 30,'');
INSERT INTO fish_ph (fish_id, ph_id) VALUES(20, 3);

INSERT INTO fish (id, name, size, minnumber, mintemperature, maxtemperature, widthtank, lengthtank,imageurl)
VALUES(23, 'Lebiste', 5, 6, 24, 28, 80, 30,'');
INSERT INTO fish_ph (fish_id, ph_id) VALUES(23, 3);

INSERT INTO fish (id, name, size, minnumber, mintemperature, maxtemperature, widthtank, lengthtank,imageurl)
VALUES(24, 'Haplochromis', 5, 6, 24, 28, 80, 30,'');
INSERT INTO fish_ph (fish_id, ph_id) VALUES(24, 4)

INSERT INTO fish (id, name, size, minnumber, mintemperature, maxtemperature, widthtank, lengthtank,imageurl)
VALUES(30, 'Molinésia', 5, 6, 24, 28, 80, 30,'');
INSERT INTO fish_ph (fish_id, ph_id) VALUES(30, 3)

INSERT INTO fish (id, name, size, minnumber, mintemperature, maxtemperature, widthtank, lengthtank,imageurl)
VALUES(31, 'Monos / Scats', 5, 6, 24, 28, 80, 30,'');
INSERT INTO fish_ph (fish_id, ph_id) VALUES(31, 4)

INSERT INTO fish (id, name, size, minnumber, mintemperature, maxtemperature, widthtank, lengthtank,imageurl)
VALUES(39, 'Plati', 5, 6, 24, 28, 80, 30,'');
INSERT INTO fish_ph (fish_id, ph_id) VALUES(39, 3)




INSERT INTO fish_compatility (fish_id, compatible_fish_id) VALUES(1, 2);
INSERT INTO fish_compatility (fish_id, compatible_fish_id) VALUES(1, 3);