
-- PH Acido

INSERT INTO fish (id, name, size, minnumber, mintemperature, maxtemperature, widthtank, lengthtank,imageurl)
VALUES(1, 'Borboleta', 3, 8, 24, 30, 60, 30,'http://www.aquarismopaulista.com/wp-content/uploads/2015/01/Gasteropelecus-levis.jpg');
INSERT INTO fish_ph (fish_id, ph_id) VALUES(1, 3);
INSERT INTO fish_ph (fish_id, ph_id) VALUES(1, 4);
INSERT INTO fish_dh (fish_id, dh_id) VALUES(1, 1);
INSERT INTO fish_dh (fish_id, dh_id) VALUES(1, 2);
INSERT INTO fish_dh (fish_id, dh_id) VALUES(1, 3);
INSERT INTO fish_compatility (fish_id, compatible_fish_id) VALUES(1,33); -- Neon
INSERT INTO fish_compatility (fish_id, compatible_fish_id) VALUES(1,47); -- Tetra Negro
INSERT INTO fish_compatility (fish_id, compatible_fish_id) VALUES(1, 1); -- Borboleta
INSERT INTO fish_compatility (fish_id, compatible_fish_id) VALUES(1, 17); -- Cruzeiro do sul
INSERT INTO fish_compatility (fish_id, compatible_fish_id) VALUES(1, 37); -- Mato Grosso
INSERT INTO fish_compatility (fish_id, compatible_fish_id) VALUES(1, 52); -- Engradinho
INSERT INTO fish_compatility (fish_id, compatible_fish_id) VALUES(1, 53); -- Rodostomo
INSERT INTO fish_compatility (fish_id, compatible_fish_id) VALUES(1, 42); -- Rosaceo
INSERT INTO fish_compatility (fish_id, compatible_fish_id) VALUES(1, 41); -- Rasbora
INSERT INTO fish_compatility (fish_id, compatible_fish_id) VALUES(1, 22); -- Colisa
INSERT INTO fish_compatility (fish_id, compatible_fish_id) VALUES(1, 2); -- Bandeira
INSERT INTO fish_compatility (fish_id, compatible_fish_id) VALUES(1, 19); -- Disco
INSERT INTO fish_compatility (fish_id, compatible_fish_id) VALUES(1, 43); -- Ramirezi

INSERT INTO fish (id, name, size, minnumber, mintemperature, maxtemperature, widthtank, lengthtank,imageurl)
VALUES(13, 'Apistogramma', 4, 1, 24, 30, 60, 30,'http://www.aquarismopaulista.com/wp-content/uploads/2016/01/Apistogramma-gossei.jpg');
INSERT INTO fish_ph (fish_id, ph_id) VALUES(13, 3);
INSERT INTO fish_ph (fish_id, ph_id) VALUES(13, 4);
INSERT INTO fish_dh (fish_id, dh_id) VALUES(13, 1);
INSERT INTO fish_dh (fish_id, dh_id) VALUES(13, 2);
INSERT INTO fish_dh (fish_id, dh_id) VALUES(13, 3);
INSERT INTO fish_compatility (fish_id, compatible_fish_id) VALUES(13, 1); -- Borboleta
INSERT INTO fish_compatility (fish_id, compatible_fish_id) VALUES(13, 13); -- Apistograma
INSERT INTO fish_compatility (fish_id, compatible_fish_id) VALUES(13, 26); -- Killifish
INSERT INTO fish_compatility (fish_id, compatible_fish_id) VALUES(13, 43); -- Ramirezi
INSERT INTO fish_compatility (fish_id, compatible_fish_id) VALUES(13, 47); -- Tetra
INSERT INTO fish_compatility (fish_id, compatible_fish_id) VALUES(13, 56); -- Tetra Negro
INSERT INTO fish_compatility (fish_id, compatible_fish_id) VALUES(13, 7); -- Botia
INSERT INTO fish_compatility (fish_id, compatible_fish_id) VALUES(13, 41); -- Rasbora
INSERT INTO fish_compatility (fish_id, compatible_fish_id) VALUES(13, 22); -- Colisa
INSERT INTO fish_compatility (fish_id, compatible_fish_id) VALUES(13, 4); -- Barbo
INSERT INTO fish_compatility (fish_id, compatible_fish_id) VALUES(13, 19); -- Acará Disco
INSERT INTO fish_compatility (fish_id, compatible_fish_id) VALUES(13, 2); -- Acará Bandiera
INSERT INTO fish_compatility (fish_id, compatible_fish_id) VALUES(13, 8); -- Cascudo


INSERT INTO fish (id, name, size, minnumber, mintemperature, maxtemperature, widthtank, lengthtank,imageurl)
VALUES(17, 'Cruzeiro do Sul', 10, 6, 23, 28, 100, 50,'http://www.aquarismopaulista.com/wp-content/uploads/2018/03/Hemiodus-gracilis2.jpg');
INSERT INTO fish_ph (fish_id, ph_id) VALUES(17, 3);
INSERT INTO fish_ph (fish_id, ph_id) VALUES(17, 4);
INSERT INTO fish_dh (fish_id, dh_id) VALUES(17, 1);
INSERT INTO fish_dh (fish_id, dh_id) VALUES(17, 2);
INSERT INTO fish_dh (fish_id, dh_id) VALUES(17, 3);
INSERT INTO fish_dh (fish_id, dh_id) VALUES(17, 4);
INSERT INTO fish_compatility (fish_id, compatible_fish_id) VALUES(2, 1); -- Borboleta
INSERT INTO fish_compatility (fish_id, compatible_fish_id) VALUES(2, 17); -- Cruzeiro do sul
INSERT INTO fish_compatility (fish_id, compatible_fish_id) VALUES(17, 29); -- Mocinha
INSERT INTO fish_compatility (fish_id, compatible_fish_id) VALUES(17, 33); -- Neon
INSERT INTO fish_compatility (fish_id, compatible_fish_id) VALUES(17, 37); -- Mato Grosso
INSERT INTO fish_compatility (fish_id, compatible_fish_id) VALUES(17, 42); -- Rosaceo
INSERT INTO fish_compatility (fish_id, compatible_fish_id) VALUES(17, 43); -- Ramirezi
INSERT INTO fish_compatility (fish_id, compatible_fish_id) VALUES(17, 47); -- Tetra
INSERT INTO fish_compatility (fish_id, compatible_fish_id) VALUES(17, 56); -- Tetra Negro
INSERT INTO fish_compatility (fish_id, compatible_fish_id) VALUES(17, 48); -- Tricogaster Leeri
INSERT INTO fish_compatility (fish_id, compatible_fish_id) VALUES(17, 49); -- Tricogaster
INSERT INTO fish_compatility (fish_id, compatible_fish_id) VALUES(17, 52); -- Engraçãdinho
INSERT INTO fish_compatility (fish_id, compatible_fish_id) VALUES(17, 7); -- Botia
INSERT INTO fish_compatility (fish_id, compatible_fish_id) VALUES(17, 41); -- Rasbora
INSERT INTO fish_compatility (fish_id, compatible_fish_id) VALUES(17, 22); -- Colisa
INSERT INTO fish_compatility (fish_id, compatible_fish_id) VALUES(17, 34); -- Oscar
INSERT INTO fish_compatility (fish_id, compatible_fish_id) VALUES(17, 4); -- Barbo
INSERT INTO fish_compatility (fish_id, compatible_fish_id) VALUES(17, 19); -- Acará Disco
INSERT INTO fish_compatility (fish_id, compatible_fish_id) VALUES(17, 2); -- Acará Bandiera
INSERT INTO fish_compatility (fish_id, compatible_fish_id) VALUES(17, 8); -- Cascudo
INSERT INTO fish_compatility (fish_id, compatible_fish_id) VALUES(17, 53); -- Rodostomo
INSERT INTO fish_compatility (fish_id, compatible_fish_id) VALUES(17, 55); -- Acará Festivo

INSERT INTO fish (id, name, size, minnumber, mintemperature, maxtemperature, widthtank, lengthtank,imageurl)
VALUES(29, 'Mocinha', 5, 1, 18, 28, 80, 30,'http://www.aquarismopaulista.com/wp-content/uploads/2015/06/Characidium-fasciatum.jpg');
INSERT INTO fish_ph (fish_id, ph_id) VALUES(29, 3);
INSERT INTO fish_ph (fish_id, ph_id) VALUES(29, 4);
INSERT INTO fish_dh (fish_id, dh_id) VALUES(29, 1);
INSERT INTO fish_dh (fish_id, dh_id) VALUES(29, 2);
INSERT INTO fish_dh (fish_id, dh_id) VALUES(29, 3);
INSERT INTO fish_dh (fish_id, dh_id) VALUES(29, 4);
INSERT INTO fish_dh (fish_id, dh_id) VALUES(29, 5);
INSERT INTO fish_compatility (fish_id, compatible_fish_id) VALUES(29, 17); -- Cruzeiro do sul
INSERT INTO fish_compatility (fish_id, compatible_fish_id) VALUES(29, 26); -- Killifish
INSERT INTO fish_compatility (fish_id, compatible_fish_id) VALUES(29, 29); -- Mocinha
INSERT INTO fish_compatility (fish_id, compatible_fish_id) VALUES(29, 37); -- Mato Grosso
INSERT INTO fish_compatility (fish_id, compatible_fish_id) VALUES(29, 42); -- Rosaceo
INSERT INTO fish_compatility (fish_id, compatible_fish_id) VALUES(29, 43); -- Ramirezi
INSERT INTO fish_compatility (fish_id, compatible_fish_id) VALUES(29, 47); -- Tetra
INSERT INTO fish_compatility (fish_id, compatible_fish_id) VALUES(29, 56); -- Tetra Negro
INSERT INTO fish_compatility (fish_id, compatible_fish_id) VALUES(29, 48); -- Tricogaster Leeri
INSERT INTO fish_compatility (fish_id, compatible_fish_id) VALUES(29, 7); -- Botia
INSERT INTO fish_compatility (fish_id, compatible_fish_id) VALUES(29, 41); -- Rasbora
INSERT INTO fish_compatility (fish_id, compatible_fish_id) VALUES(29, 22); -- Colisa
INSERT INTO fish_compatility (fish_id, compatible_fish_id) VALUES(29, 4); -- Barbo
INSERT INTO fish_compatility (fish_id, compatible_fish_id) VALUES(29, 19); -- Acará Disco
INSERT INTO fish_compatility (fish_id, compatible_fish_id) VALUES(29, 2); -- Acará Bandiera
INSERT INTO fish_compatility (fish_id, compatible_fish_id) VALUES(29, 8); -- Cascudo

INSERT INTO fish (id, name, size, minnumber, mintemperature, maxtemperature, widthtank, lengthtank,imageurl)
VALUES(33, 'Neon', 3, 10, 24, 30, 60, 30,'http://www.aquarismopaulista.com/wp-content/uploads/Paracheirodon-axelrodi1.jpg');
INSERT INTO fish_ph (fish_id, ph_id) VALUES(33, 3);
INSERT INTO fish_ph (fish_id, ph_id) VALUES(33, 4);
INSERT INTO fish_dh (fish_id, dh_id) VALUES(33, 1);
INSERT INTO fish_dh (fish_id, dh_id) VALUES(33, 2);
INSERT INTO fish_compatility (fish_id, compatible_fish_id) VALUES(33, 1); -- Borboleta
INSERT INTO fish_compatility (fish_id, compatible_fish_id) VALUES(33, 8); -- Cascudo
INSERT INTO fish_compatility (fish_id, compatible_fish_id) VALUES(33, 17); -- Cruzeiro do sul
INSERT INTO fish_compatility (fish_id, compatible_fish_id) VALUES(33, 19); -- Acará Disco
INSERT INTO fish_compatility (fish_id, compatible_fish_id) VALUES(33, 33); -- Neon
INSERT INTO fish_compatility (fish_id, compatible_fish_id) VALUES(33, 37); -- Mato Grosso
INSERT INTO fish_compatility (fish_id, compatible_fish_id) VALUES(33, 41); -- Rasbora
INSERT INTO fish_compatility (fish_id, compatible_fish_id) VALUES(33, 47); -- Tetra
INSERT INTO fish_compatility (fish_id, compatible_fish_id) VALUES(33, 56); -- Tetra Negro
INSERT INTO fish_compatility (fish_id, compatible_fish_id) VALUES(33, 52); -- Engraçãdinho
INSERT INTO fish_compatility (fish_id, compatible_fish_id) VALUES(33, 53); -- Rodostomo
INSERT INTO fish_compatility (fish_id, compatible_fish_id) VALUES(33, 42); -- Rosaceo

INSERT INTO fish (id, name, size, minnumber, mintemperature, maxtemperature, widthtank, lengthtank,imageurl)
VALUES(37, 'Mato Grosso', 4, 6, 20, 30, 60, 30,'http://www.aquarismopaulista.com/wp-content/uploads/2015/06/Hyphessobrycon-eques.jpg');
INSERT INTO fish_ph (fish_id, ph_id) VALUES(37, 3);
INSERT INTO fish_ph (fish_id, ph_id) VALUES(37, 4);
INSERT INTO fish_dh (fish_id, dh_id) VALUES(37, 2);
INSERT INTO fish_dh (fish_id, dh_id) VALUES(37, 3);
INSERT INTO fish_compatility (fish_id, compatible_fish_id) VALUES(37, 1); -- Borboleta
INSERT INTO fish_compatility (fish_id, compatible_fish_id) VALUES(37, 17); -- Cruzeiro do sul
INSERT INTO fish_compatility (fish_id, compatible_fish_id) VALUES(37, 26); -- Killifish
INSERT INTO fish_compatility (fish_id, compatible_fish_id) VALUES(37, 29); -- Mocinha
INSERT INTO fish_compatility (fish_id, compatible_fish_id) VALUES(37, 33); -- Neon
INSERT INTO fish_compatility (fish_id, compatible_fish_id) VALUES(37, 37); -- Mato Grosso
INSERT INTO fish_compatility (fish_id, compatible_fish_id) VALUES(37, 42); -- Rosaceo
INSERT INTO fish_compatility (fish_id, compatible_fish_id) VALUES(37, 43); -- Ramirezi
INSERT INTO fish_compatility (fish_id, compatible_fish_id) VALUES(37, 47); -- Tetra
INSERT INTO fish_compatility (fish_id, compatible_fish_id) VALUES(37, 56); -- Tetra Negro
INSERT INTO fish_compatility (fish_id, compatible_fish_id) VALUES(37, 52); -- Engraçãdinho
INSERT INTO fish_compatility (fish_id, compatible_fish_id) VALUES(37, 7); -- Botia
INSERT INTO fish_compatility (fish_id, compatible_fish_id) VALUES(37, 41); -- Rasbora
INSERT INTO fish_compatility (fish_id, compatible_fish_id) VALUES(37, 22); -- Colisa
INSERT INTO fish_compatility (fish_id, compatible_fish_id) VALUES(37, 4); -- Barbo
INSERT INTO fish_compatility (fish_id, compatible_fish_id) VALUES(37, 8); -- Cascudo
INSERT INTO fish_compatility (fish_id, compatible_fish_id) VALUES(37, 53); -- Rodostomo

INSERT INTO fish (id, name, size, minnumber, mintemperature, maxtemperature, widthtank, lengthtank,imageurl)
VALUES(42, 'Rosáceo', 4, 6, 24, 28, 60, 30,'http://www.aquarismopaulista.com/wp-content/uploads/2015/06/Hyphessobrycon-erythrostigma1.jpg');
INSERT INTO fish_ph (fish_id, ph_id) VALUES(42, 3);
INSERT INTO fish_ph (fish_id, ph_id) VALUES(42, 4);
INSERT INTO fish_dh (fish_id, dh_id) VALUES(42, 2);
INSERT INTO fish_dh (fish_id, dh_id) VALUES(42, 3);
INSERT INTO fish_compatility (fish_id, compatible_fish_id) VALUES(42, 1); -- Borboleta
INSERT INTO fish_compatility (fish_id, compatible_fish_id) VALUES(42, 17); -- Cruzeiro do sul
INSERT INTO fish_compatility (fish_id, compatible_fish_id) VALUES(42, 29); -- Mocinha
INSERT INTO fish_compatility (fish_id, compatible_fish_id) VALUES(42, 33); -- Neon
INSERT INTO fish_compatility (fish_id, compatible_fish_id) VALUES(42, 37); -- Mato Grosso
INSERT INTO fish_compatility (fish_id, compatible_fish_id) VALUES(42, 42); -- Rosaceo
INSERT INTO fish_compatility (fish_id, compatible_fish_id) VALUES(42, 43); -- Ramirezi
INSERT INTO fish_compatility (fish_id, compatible_fish_id) VALUES(42, 47); -- Tetra
INSERT INTO fish_compatility (fish_id, compatible_fish_id) VALUES(42, 56); -- Tetra Negro
INSERT INTO fish_compatility (fish_id, compatible_fish_id) VALUES(42, 52); -- Engraçãdinho
INSERT INTO fish_compatility (fish_id, compatible_fish_id) VALUES(42, 7); -- Botia
INSERT INTO fish_compatility (fish_id, compatible_fish_id) VALUES(42, 41); -- Rasbora
INSERT INTO fish_compatility (fish_id, compatible_fish_id) VALUES(42, 22); -- Colisa
INSERT INTO fish_compatility (fish_id, compatible_fish_id) VALUES(42, 4); -- Barbo
INSERT INTO fish_compatility (fish_id, compatible_fish_id) VALUES(42, 8); -- Cascudo
INSERT INTO fish_compatility (fish_id, compatible_fish_id) VALUES(42, 53); -- Rodostomo

INSERT INTO fish (id, name, size, minnumber, mintemperature, maxtemperature, widthtank, lengthtank,imageurl)
VALUES(43, 'Ramirezi', 4, 1, 24, 30, 60, 30,'http://www.aquarismopaulista.com/wp-content/uploads/2014/09/Mikrogeophagus-ramirezi1.jpg');
INSERT INTO fish_ph (fish_id, ph_id) VALUES(43, 3)
INSERT INTO fish_ph (fish_id, ph_id) VALUES(43, 4)
INSERT INTO fish_dh (fish_id, dh_id) VALUES(43, 2);
INSERT INTO fish_dh (fish_id, dh_id) VALUES(43, 3);
INSERT INTO fish_compatility (fish_id, compatible_fish_id) VALUES(43, 1); -- Borboleta
INSERT INTO fish_compatility (fish_id, compatible_fish_id) VALUES(43, 13); -- Apistograma
INSERT INTO fish_compatility (fish_id, compatible_fish_id) VALUES(43, 17); -- Cruzeiro do sul
INSERT INTO fish_compatility (fish_id, compatible_fish_id) VALUES(43, 29); -- Mocinha
INSERT INTO fish_compatility (fish_id, compatible_fish_id) VALUES(43, 37); -- Mato Grosso
INSERT INTO fish_compatility (fish_id, compatible_fish_id) VALUES(43, 42); -- Rosaceo
INSERT INTO fish_compatility (fish_id, compatible_fish_id) VALUES(43, 43); -- Ramirezi
INSERT INTO fish_compatility (fish_id, compatible_fish_id) VALUES(43, 47); -- Tetra
INSERT INTO fish_compatility (fish_id, compatible_fish_id) VALUES(43, 56); -- Tetra Negro
INSERT INTO fish_compatility (fish_id, compatible_fish_id) VALUES(43, 48); -- Tricogaster Leeri
INSERT INTO fish_compatility (fish_id, compatible_fish_id) VALUES(43, 49); -- Tricogaster
INSERT INTO fish_compatility (fish_id, compatible_fish_id) VALUES(43, 52); -- Engraçãdinho
INSERT INTO fish_compatility (fish_id, compatible_fish_id) VALUES(43, 7); -- Botia
INSERT INTO fish_compatility (fish_id, compatible_fish_id) VALUES(43, 41); -- Rasbora
INSERT INTO fish_compatility (fish_id, compatible_fish_id) VALUES(43, 22); -- Colisa
INSERT INTO fish_compatility (fish_id, compatible_fish_id) VALUES(43, 4); -- Barbo
INSERT INTO fish_compatility (fish_id, compatible_fish_id) VALUES(43, 19); -- Acará Disco
INSERT INTO fish_compatility (fish_id, compatible_fish_id) VALUES(43, 2); -- Acará Bandiera
INSERT INTO fish_compatility (fish_id, compatible_fish_id) VALUES(43, 8); -- Cascudo
INSERT INTO fish_compatility (fish_id, compatible_fish_id) VALUES(43, 53); -- Rodostomo
INSERT INTO fish_compatility (fish_id, compatible_fish_id) VALUES(43, 54); -- Kribensis
INSERT INTO fish_compatility (fish_id, compatible_fish_id) VALUES(43, 55); -- Acará Festivo

INSERT INTO fish (id, name, size, minnumber, mintemperature, maxtemperature, widthtank, lengthtank,imageurl)
VALUES(47, 'Tetra', 4, 6, 20, 30, 60, 30,'http://www.aquarismopaulista.com/wp-content/uploads/2018/10/Thayeria-boehlkei-600x381.jpg');
INSERT INTO fish_ph (fish_id, ph_id) VALUES(47, 3)
INSERT INTO fish_ph (fish_id, ph_id) VALUES(47, 4)
INSERT INTO fish_dh (fish_id, dh_id) VALUES(47, 1);
INSERT INTO fish_dh (fish_id, dh_id) VALUES(47, 2);
INSERT INTO fish_dh (fish_id, dh_id) VALUES(47, 3);
INSERT INTO fish_compatility (fish_id, compatible_fish_id) VALUES(47, 1); -- Borboleta
INSERT INTO fish_compatility (fish_id, compatible_fish_id) VALUES(47, 13); -- Apistograma
INSERT INTO fish_compatility (fish_id, compatible_fish_id) VALUES(47, 17); -- Cruzeiro do sul
INSERT INTO fish_compatility (fish_id, compatible_fish_id) VALUES(47, 26); -- Killifish
INSERT INTO fish_compatility (fish_id, compatible_fish_id) VALUES(47, 29); -- Mocinha
INSERT INTO fish_compatility (fish_id, compatible_fish_id) VALUES(47, 33); -- Neon
INSERT INTO fish_compatility (fish_id, compatible_fish_id) VALUES(47, 37); -- Mato Grosso
INSERT INTO fish_compatility (fish_id, compatible_fish_id) VALUES(47, 42); -- Rosaceo
INSERT INTO fish_compatility (fish_id, compatible_fish_id) VALUES(47, 43); -- Ramirezi
INSERT INTO fish_compatility (fish_id, compatible_fish_id) VALUES(47, 47); -- Tetra
INSERT INTO fish_compatility (fish_id, compatible_fish_id) VALUES(47, 56); -- Tetra Negro
INSERT INTO fish_compatility (fish_id, compatible_fish_id) VALUES(47, 52); -- Engraçãdinho
INSERT INTO fish_compatility (fish_id, compatible_fish_id) VALUES(47, 7); -- Botia
INSERT INTO fish_compatility (fish_id, compatible_fish_id) VALUES(47, 41); -- Rasbora
INSERT INTO fish_compatility (fish_id, compatible_fish_id) VALUES(47, 4); -- Barbo
INSERT INTO fish_compatility (fish_id, compatible_fish_id) VALUES(47, 19); -- Acará Disco
INSERT INTO fish_compatility (fish_id, compatible_fish_id) VALUES(47, 2); -- Acará Bandiera
INSERT INTO fish_compatility (fish_id, compatible_fish_id) VALUES(47, 8); -- Cascudo
INSERT INTO fish_compatility (fish_id, compatible_fish_id) VALUES(47, 53); -- Rodostomo

INSERT INTO fish (id, name, size, minnumber, mintemperature, maxtemperature, widthtank, lengthtank,imageurl)
VALUES(56, 'Tetra Preto', 4, 6, 20, 30, 60, 30,'http://www.aquarismopaulista.com/wp-content/uploads/2015/06/Gymnocorymbus-ternetzi1.jpg');
INSERT INTO fish_ph (fish_id, ph_id) VALUES(47, 3)
INSERT INTO fish_ph (fish_id, ph_id) VALUES(47, 4)
INSERT INTO fish_dh (fish_id, dh_id) VALUES(47, 1);
INSERT INTO fish_dh (fish_id, dh_id) VALUES(47, 2);
INSERT INTO fish_dh (fish_id, dh_id) VALUES(47, 3);
INSERT INTO fish_compatility (fish_id, compatible_fish_id) VALUES(56, 1); -- Borboleta
INSERT INTO fish_compatility (fish_id, compatible_fish_id) VALUES(56, 13); -- Apistograma
INSERT INTO fish_compatility (fish_id, compatible_fish_id) VALUES(56, 17); -- Cruzeiro do sul
INSERT INTO fish_compatility (fish_id, compatible_fish_id) VALUES(56, 26); -- Killifish
INSERT INTO fish_compatility (fish_id, compatible_fish_id) VALUES(56, 29); -- Mocinha
INSERT INTO fish_compatility (fish_id, compatible_fish_id) VALUES(56, 33); -- Neon
INSERT INTO fish_compatility (fish_id, compatible_fish_id) VALUES(56, 37); -- Mato Grosso
INSERT INTO fish_compatility (fish_id, compatible_fish_id) VALUES(56, 42); -- Rosaceo
INSERT INTO fish_compatility (fish_id, compatible_fish_id) VALUES(56, 43); -- Ramirezi
INSERT INTO fish_compatility (fish_id, compatible_fish_id) VALUES(56, 47); -- Tetra
INSERT INTO fish_compatility (fish_id, compatible_fish_id) VALUES(56, 52); -- Engraçãdinho
INSERT INTO fish_compatility (fish_id, compatible_fish_id) VALUES(56, 7); -- Botia
INSERT INTO fish_compatility (fish_id, compatible_fish_id) VALUES(56, 41); -- Rasbora
INSERT INTO fish_compatility (fish_id, compatible_fish_id) VALUES(56, 22); -- Colisa
INSERT INTO fish_compatility (fish_id, compatible_fish_id) VALUES(56, 4); -- Barbo
INSERT INTO fish_compatility (fish_id, compatible_fish_id) VALUES(56, 19); -- Acará Disco
INSERT INTO fish_compatility (fish_id, compatible_fish_id) VALUES(56, 2); -- Acará Bandiera
INSERT INTO fish_compatility (fish_id, compatible_fish_id) VALUES(56, 8); -- Cascudo
INSERT INTO fish_compatility (fish_id, compatible_fish_id) VALUES(56, 53); -- Rodostomo

INSERT INTO fish (id, name, size, minnumber, mintemperature, maxtemperature, widthtank, lengthtank,imageurl)
VALUES(48, 'Tricogaster Leeri', 8, 1, 24, 30, 80, 30,'http://www.aquarismopaulista.com/wp-content/uploads/Trichogaster-leerii5.jpg');
INSERT INTO fish_ph (fish_id, ph_id) VALUES(48, 3)
INSERT INTO fish_ph (fish_id, ph_id) VALUES(48, 4)
INSERT INTO fish_dh (fish_id, dh_id) VALUES(48, 2);
INSERT INTO fish_dh (fish_id, dh_id) VALUES(48, 3);
INSERT INTO fish_dh (fish_id, dh_id) VALUES(48, 4);
INSERT INTO fish_compatility (fish_id, compatible_fish_id) VALUES(48, 1); -- Borboleta
INSERT INTO fish_compatility (fish_id, compatible_fish_id) VALUES(48, 17); -- Cruzeiro do sul
INSERT INTO fish_compatility (fish_id, compatible_fish_id) VALUES(48, 29); -- Mocinha
INSERT INTO fish_compatility (fish_id, compatible_fish_id) VALUES(48, 43); -- Ramirezi
INSERT INTO fish_compatility (fish_id, compatible_fish_id) VALUES(48, 48); -- Tricogaster Leeri
INSERT INTO fish_compatility (fish_id, compatible_fish_id) VALUES(48, 52); -- Engraçãdinho
INSERT INTO fish_compatility (fish_id, compatible_fish_id) VALUES(48, 7); -- Botia
INSERT INTO fish_compatility (fish_id, compatible_fish_id) VALUES(48, 22); -- Colisa
INSERT INTO fish_compatility (fish_id, compatible_fish_id) VALUES(48, 4); -- Barbo
INSERT INTO fish_compatility (fish_id, compatible_fish_id) VALUES(48, 19); -- Acará Disco
INSERT INTO fish_compatility (fish_id, compatible_fish_id) VALUES(48, 2); -- Acará Bandiera
INSERT INTO fish_compatility (fish_id, compatible_fish_id) VALUES(48, 8); -- Cascudo
INSERT INTO fish_compatility (fish_id, compatible_fish_id) VALUES(48, 53); -- Rodostomo
INSERT INTO fish_compatility (fish_id, compatible_fish_id) VALUES(48, 54); -- Kribensis
INSERT INTO fish_compatility (fish_id, compatible_fish_id) VALUES(48, 55); -- Acará Festivo

INSERT INTO fish (id, name, size, minnumber, mintemperature, maxtemperature, widthtank, lengthtank,imageurl)
VALUES(49, 'Tricogaster', 10, 1, 22, 30, 80, 30,'http://www.aquarismopaulista.com/wp-content/uploads/Trichogaster-trichopterus.jpg');
INSERT INTO fish_ph (fish_id, ph_id) VALUES(49, 3)
INSERT INTO fish_ph (fish_id, ph_id) VALUES(49, 4)
INSERT INTO fish_dh (fish_id, dh_id) VALUES(49, 2);
INSERT INTO fish_dh (fish_id, dh_id) VALUES(49, 3);
INSERT INTO fish_dh (fish_id, dh_id) VALUES(49, 4);
INSERT INTO fish_compatility (fish_id, compatible_fish_id) VALUES(49, 17); -- Cruzeiro do sul
INSERT INTO fish_compatility (fish_id, compatible_fish_id) VALUES(49, 43); -- Ramirezi
INSERT INTO fish_compatility (fish_id, compatible_fish_id) VALUES(49, 49); -- Tricogaster
INSERT INTO fish_compatility (fish_id, compatible_fish_id) VALUES(49, 7); -- Botia
INSERT INTO fish_compatility (fish_id, compatible_fish_id) VALUES(49, 22); -- Colisa
INSERT INTO fish_compatility (fish_id, compatible_fish_id) VALUES(49, 4); -- Barbo
INSERT INTO fish_compatility (fish_id, compatible_fish_id) VALUES(49, 19); -- Acará Disco
INSERT INTO fish_compatility (fish_id, compatible_fish_id) VALUES(49, 2); -- Acará Bandiera
INSERT INTO fish_compatility (fish_id, compatible_fish_id) VALUES(49, 8); -- Cascudo
INSERT INTO fish_compatility (fish_id, compatible_fish_id) VALUES(49, 54); -- Kribensis
INSERT INTO fish_compatility (fish_id, compatible_fish_id) VALUES(49, 55); -- Acará Festivo


INSERT INTO fish (id, name, size, minnumber, mintemperature, maxtemperature, widthtank, lengthtank,imageurl)
VALUES(26, 'Killifish', 5, 1, 18, 22, 30, 20,'http://www.aquarismopaulista.com/wp-content/uploads/2018/04/Aphyosemion-ogoense.jpg');
INSERT INTO fish_ph (fish_id, ph_id) VALUES(26, 3)
INSERT INTO fish_ph (fish_id, ph_id) VALUES(26, 4)
INSERT INTO fish_dh (fish_id, dh_id) VALUES(26, 1);
INSERT INTO fish_compatility (fish_id, compatible_fish_id) VALUES(49, 13); -- Apistograma
INSERT INTO fish_compatility (fish_id, compatible_fish_id) VALUES(49, 26); -- Killifish
INSERT INTO fish_compatility (fish_id, compatible_fish_id) VALUES(49, 29); -- Mocinha
INSERT INTO fish_compatility (fish_id, compatible_fish_id) VALUES(49, 37); -- Mato Grosso
INSERT INTO fish_compatility (fish_id, compatible_fish_id) VALUES(49, 47); -- Tetra
INSERT INTO fish_compatility (fish_id, compatible_fish_id) VALUES(49, 56); -- Tetra Negro
INSERT INTO fish_compatility (fish_id, compatible_fish_id) VALUES(49, 48); -- Tricogaster Leeri
INSERT INTO fish_compatility (fish_id, compatible_fish_id) VALUES(49, 49); -- Tricogaster
INSERT INTO fish_compatility (fish_id, compatible_fish_id) VALUES(49, 7); -- Botia
INSERT INTO fish_compatility (fish_id, compatible_fish_id) VALUES(49, 41); -- Rasbora
INSERT INTO fish_compatility (fish_id, compatible_fish_id) VALUES(49, 22); -- Colisa
INSERT INTO fish_compatility (fish_id, compatible_fish_id) VALUES(49, 4); -- Barbo
INSERT INTO fish_compatility (fish_id, compatible_fish_id) VALUES(49, 8); -- Cascudo

INSERT INTO fish (id, name, size, minnumber, mintemperature, maxtemperature, widthtank, lengthtank,imageurl)
VALUES(52, 'Engraçadinho', 3, 6, 22, 28, 60, 30,'http://www.aquarismopaulista.com/wp-content/uploads/2016/08/Hyphessobrycon-flammeus-tetra-engracadinho3.jpg');
INSERT INTO fish_ph (fish_id, ph_id) VALUES(52, 3)
INSERT INTO fish_ph (fish_id, ph_id) VALUES(52, 4)
INSERT INTO fish_dh (fish_id, dh_id) VALUES(52, 2);
INSERT INTO fish_dh (fish_id, dh_id) VALUES(52, 3);
INSERT INTO fish_dh (fish_id, dh_id) VALUES(52, 4);
INSERT INTO fish_dh (fish_id, dh_id) VALUES(52, 5);
INSERT INTO fish_compatility (fish_id, compatible_fish_id) VALUES(52, 1); -- Borboleta
INSERT INTO fish_compatility (fish_id, compatible_fish_id) VALUES(52, 17); -- Cruzeiro do sul
INSERT INTO fish_compatility (fish_id, compatible_fish_id) VALUES(52, 33); -- Neon
INSERT INTO fish_compatility (fish_id, compatible_fish_id) VALUES(52, 37); -- Mato Grosso
INSERT INTO fish_compatility (fish_id, compatible_fish_id) VALUES(52, 42); -- Rosaceo
INSERT INTO fish_compatility (fish_id, compatible_fish_id) VALUES(52, 43); -- Ramirezi
INSERT INTO fish_compatility (fish_id, compatible_fish_id) VALUES(52, 47); -- Tetra
INSERT INTO fish_compatility (fish_id, compatible_fish_id) VALUES(52, 56); -- Tetra Negro
INSERT INTO fish_compatility (fish_id, compatible_fish_id) VALUES(52, 52); -- Engraçãdinho
INSERT INTO fish_compatility (fish_id, compatible_fish_id) VALUES(52, 41); -- Rasbora
INSERT INTO fish_compatility (fish_id, compatible_fish_id) VALUES(52, 4); -- Barbo
INSERT INTO fish_compatility (fish_id, compatible_fish_id) VALUES(52, 53); -- Rodostomo

-- Ligeiramente Acido
INSERT INTO fish (id, name, size, minnumber, mintemperature, maxtemperature, widthtank, lengthtank,imageurl)
VALUES(41, 'Rasbora', 3, 10, 24, 28, 60, 30,'http://www.aquarismopaulista.com/wp-content/uploads/2019/02/Rasbora-rubrodorsalis2.jpg');
INSERT INTO fish_ph (fish_id, ph_id) VALUES(41, 4);
INSERT INTO fish_dh (fish_id, dh_id) VALUES(41, 2);
INSERT INTO fish_dh (fish_id, dh_id) VALUES(41, 3);
INSERT INTO fish_compatility (fish_id, compatible_fish_id) VALUES(41, 1); -- Borboleta
INSERT INTO fish_compatility (fish_id, compatible_fish_id) VALUES(41, 13); -- Apistograma
INSERT INTO fish_compatility (fish_id, compatible_fish_id) VALUES(41, 17); -- Cruzeiro do sul
INSERT INTO fish_compatility (fish_id, compatible_fish_id) VALUES(41, 26); -- Killifish
INSERT INTO fish_compatility (fish_id, compatible_fish_id) VALUES(41, 29); -- Mocinha
INSERT INTO fish_compatility (fish_id, compatible_fish_id) VALUES(41, 33); -- Neon
INSERT INTO fish_compatility (fish_id, compatible_fish_id) VALUES(41, 37); -- Mato Grosso
INSERT INTO fish_compatility (fish_id, compatible_fish_id) VALUES(41, 42); -- Rosaceo
INSERT INTO fish_compatility (fish_id, compatible_fish_id) VALUES(41, 43); -- Ramirezi
INSERT INTO fish_compatility (fish_id, compatible_fish_id) VALUES(41, 47); -- Tetra
INSERT INTO fish_compatility (fish_id, compatible_fish_id) VALUES(41, 56); -- Tetra Negro
INSERT INTO fish_compatility (fish_id, compatible_fish_id) VALUES(41, 52); -- Engraçãdinho
INSERT INTO fish_compatility (fish_id, compatible_fish_id) VALUES(41, 7); -- Botia
INSERT INTO fish_compatility (fish_id, compatible_fish_id) VALUES(41, 41); -- Rasbora
INSERT INTO fish_compatility (fish_id, compatible_fish_id) VALUES(41, 22); -- Colisa
INSERT INTO fish_compatility (fish_id, compatible_fish_id) VALUES(41, 4); -- Barbo
INSERT INTO fish_compatility (fish_id, compatible_fish_id) VALUES(41, 2); -- Acará Bandiera
INSERT INTO fish_compatility (fish_id, compatible_fish_id) VALUES(41, 8); -- Cascudo
INSERT INTO fish_compatility (fish_id, compatible_fish_id) VALUES(41, 53); -- Rodostomo

INSERT INTO fish (id, name, size, minnumber, mintemperature, maxtemperature, widthtank, lengthtank,imageurl)
VALUES(7, 'Botia', 15, 6, 24, 28, 100, 40,'http://www.aquarismopaulista.com/wp-content/uploads/2020/01/Botia-almorhae2-678x381.jpg');
INSERT INTO fish_ph (fish_id, ph_id) VALUES(7, 4);
INSERT INTO fish_dh (fish_id, dh_id) VALUES(7, 1);
INSERT INTO fish_dh (fish_id, dh_id) VALUES(7, 2);
INSERT INTO fish_dh (fish_id, dh_id) VALUES(7, 3);
INSERT INTO fish_compatility (fish_id, compatible_fish_id) VALUES(7, 1); -- Borboleta
INSERT INTO fish_compatility (fish_id, compatible_fish_id) VALUES(7, 13); -- Apistograma
INSERT INTO fish_compatility (fish_id, compatible_fish_id) VALUES(7, 17); -- Cruzeiro do sul
INSERT INTO fish_compatility (fish_id, compatible_fish_id) VALUES(7, 26); -- Killifish
INSERT INTO fish_compatility (fish_id, compatible_fish_id) VALUES(7, 29); -- Mocinha
INSERT INTO fish_compatility (fish_id, compatible_fish_id) VALUES(7, 37); -- Mato Grosso
INSERT INTO fish_compatility (fish_id, compatible_fish_id) VALUES(7, 42); -- Rosaceo
INSERT INTO fish_compatility (fish_id, compatible_fish_id) VALUES(7, 43); -- Ramirezi
INSERT INTO fish_compatility (fish_id, compatible_fish_id) VALUES(7, 47); -- Tetra
INSERT INTO fish_compatility (fish_id, compatible_fish_id) VALUES(7, 56); -- Tetra Negro
INSERT INTO fish_compatility (fish_id, compatible_fish_id) VALUES(7, 48); -- Tricogaster Leeri
INSERT INTO fish_compatility (fish_id, compatible_fish_id) VALUES(7, 49); -- Tricogaster
INSERT INTO fish_compatility (fish_id, compatible_fish_id) VALUES(7, 7); -- Botia
INSERT INTO fish_compatility (fish_id, compatible_fish_id) VALUES(7, 41); -- Rasbora
INSERT INTO fish_compatility (fish_id, compatible_fish_id) VALUES(7, 22); -- Colisa
INSERT INTO fish_compatility (fish_id, compatible_fish_id) VALUES(7, 4); -- Barbo
INSERT INTO fish_compatility (fish_id, compatible_fish_id) VALUES(7, 19); -- Acará Disco
INSERT INTO fish_compatility (fish_id, compatible_fish_id) VALUES(7, 2); -- Acará Bandiera
INSERT INTO fish_compatility (fish_id, compatible_fish_id) VALUES(7, 8); -- Cascudo


-- PH Neutro

INSERT INTO fish (id, name, size, minnumber, mintemperature, maxtemperature, widthtank, lengthtank,imageurl)
VALUES(5, 'Beijador', 20, 1, 22, 28, 120, 50,'http://www.aquarismopaulista.com/wp-content/uploads/Helostoma-temminkii3.jpg');
INSERT INTO fish_ph (fish_id, ph_id) VALUES(5, 5);
INSERT INTO fish_dh (fish_id, dh_id) VALUES(5, 2);
INSERT INTO fish_dh (fish_id, dh_id) VALUES(5, 3);
INSERT INTO fish_dh (fish_id, dh_id) VALUES(5, 4);
INSERT INTO fish_compatility (fish_id, compatible_fish_id) VALUES(5, 2); -- Acará Bandiera
INSERT INTO fish_compatility (fish_id, compatible_fish_id) VALUES(5, 8); -- Cascudo
INSERT INTO fish_compatility (fish_id, compatible_fish_id) VALUES(5, 5); -- Beijador
INSERT INTO fish_compatility (fish_id, compatible_fish_id) VALUES(5, 4); -- Barbo
INSERT INTO fish_compatility (fish_id, compatible_fish_id) VALUES(5, 6); -- Betta
INSERT INTO fish_compatility (fish_id, compatible_fish_id) VALUES(5, 16); -- Coridora
INSERT INTO fish_compatility (fish_id, compatible_fish_id) VALUES(5, 19); -- Acará Disco
INSERT INTO fish_compatility (fish_id, compatible_fish_id) VALUES(5, 21); -- Kinguio
INSERT INTO fish_compatility (fish_id, compatible_fish_id) VALUES(5, 22); -- Colisa
INSERT INTO fish_compatility (fish_id, compatible_fish_id) VALUES(5, 27); -- Faca
INSERT INTO fish_compatility (fish_id, compatible_fish_id) VALUES(5, 36); -- Arco Irís
INSERT INTO fish_compatility (fish_id, compatible_fish_id) VALUES(5, 44); -- Labeo
INSERT INTO fish_compatility (fish_id, compatible_fish_id) VALUES(5, 45); -- Limpa vidro
INSERT INTO fish_compatility (fish_id, compatible_fish_id) VALUES(5, 51); -- BalaShark
INSERT INTO fish_compatility (fish_id, compatible_fish_id) VALUES(5, 55); -- Acará Festivo

INSERT INTO fish (id, name, size, minnumber, mintemperature, maxtemperature, widthtank, lengthtank,imageurl)
VALUES(6, 'Betta', 6, 1, 22, 30, 40, 30,'http://www.aquarismopaulista.com/wp-content/uploads/2014/09/Betta-splendens1.jpg');
INSERT INTO fish_ph (fish_id, ph_id) VALUES(6, 5);
INSERT INTO fish_dh (fish_id, dh_id) VALUES(6, 2);
INSERT INTO fish_dh (fish_id, dh_id) VALUES(6, 3);
INSERT INTO fish_dh (fish_id, dh_id) VALUES(6, 4);
INSERT INTO fish_compatility (fish_id, compatible_fish_id) VALUES(6, 2); -- Acará Bandiera
INSERT INTO fish_compatility (fish_id, compatible_fish_id) VALUES(6, 8); -- Cascudo
INSERT INTO fish_compatility (fish_id, compatible_fish_id) VALUES(6, 5); -- Beijador
INSERT INTO fish_compatility (fish_id, compatible_fish_id) VALUES(6, 4); -- Barbo
INSERT INTO fish_compatility (fish_id, compatible_fish_id) VALUES(6, 16); -- Coridora
INSERT INTO fish_compatility (fish_id, compatible_fish_id) VALUES(6, 18); -- Danio
INSERT INTO fish_compatility (fish_id, compatible_fish_id) VALUES(6, 22); -- Colisa
INSERT INTO fish_compatility (fish_id, compatible_fish_id) VALUES(6, 27); -- Faca
INSERT INTO fish_compatility (fish_id, compatible_fish_id) VALUES(6, 35); -- Paulistinha
INSERT INTO fish_compatility (fish_id, compatible_fish_id) VALUES(6, 36); -- Arco Irís
INSERT INTO fish_compatility (fish_id, compatible_fish_id) VALUES(6, 44); -- Labeo
INSERT INTO fish_compatility (fish_id, compatible_fish_id) VALUES(6, 45); -- Limpa vidro
INSERT INTO fish_compatility (fish_id, compatible_fish_id) VALUES(6, 54); -- Kribensis

INSERT INTO fish (id, name, size, minnumber, mintemperature, maxtemperature, widthtank, lengthtank,imageurl)
VALUES(16, 'Corydora', 3, 6, 22, 28, 60, 30,'http://www.aquarismopaulista.com/wp-content/uploads/2017/05/Corydoras-flaveolus2.jpg');
INSERT INTO fish_ph (fish_id, ph_id) VALUES(16, 5);
INSERT INTO fish_dh (fish_id, dh_id) VALUES(16, 1);
INSERT INTO fish_dh (fish_id, dh_id) VALUES(16, 2);
INSERT INTO fish_dh (fish_id, dh_id) VALUES(16, 3);
INSERT INTO fish_dh (fish_id, dh_id) VALUES(16, 4);
INSERT INTO fish_compatility (fish_id, compatible_fish_id) VALUES(16, 2); -- Acará Bandiera
INSERT INTO fish_compatility (fish_id, compatible_fish_id) VALUES(16, 8); -- Cascudo
INSERT INTO fish_compatility (fish_id, compatible_fish_id) VALUES(16, 5); -- Beijador
INSERT INTO fish_compatility (fish_id, compatible_fish_id) VALUES(16, 4); -- Barbo
INSERT INTO fish_compatility (fish_id, compatible_fish_id) VALUES(16, 6); -- Betta
INSERT INTO fish_compatility (fish_id, compatible_fish_id) VALUES(16, 16); -- Coridora
INSERT INTO fish_compatility (fish_id, compatible_fish_id) VALUES(16, 18); -- Danio
INSERT INTO fish_compatility (fish_id, compatible_fish_id) VALUES(16, 19); -- Acará Disco
INSERT INTO fish_compatility (fish_id, compatible_fish_id) VALUES(16, 21); -- Kinguio
INSERT INTO fish_compatility (fish_id, compatible_fish_id) VALUES(16, 22); -- Colisa
INSERT INTO fish_compatility (fish_id, compatible_fish_id) VALUES(16, 27); -- Faca
INSERT INTO fish_compatility (fish_id, compatible_fish_id) VALUES(16, 35); -- Paulistinha
INSERT INTO fish_compatility (fish_id, compatible_fish_id) VALUES(16, 36); -- Arco Irís
INSERT INTO fish_compatility (fish_id, compatible_fish_id) VALUES(16, 44); -- Labeo
INSERT INTO fish_compatility (fish_id, compatible_fish_id) VALUES(16, 45); -- Limpa vidro
INSERT INTO fish_compatility (fish_id, compatible_fish_id) VALUES(16, 50); -- Tanictis
INSERT INTO fish_compatility (fish_id, compatible_fish_id) VALUES(16, 51); -- BalaShark
INSERT INTO fish_compatility (fish_id, compatible_fish_id) VALUES(16, 53); -- Rodostomo
INSERT INTO fish_compatility (fish_id, compatible_fish_id) VALUES(16, 54); -- Kribensis
INSERT INTO fish_compatility (fish_id, compatible_fish_id) VALUES(16, 55); -- Acará Festivo

INSERT INTO fish (id, name, size, minnumber, mintemperature, maxtemperature, widthtank, lengthtank,imageurl)
VALUES(18, 'Danio', 5, 10, 18, 26, 80, 30,'http://www.aquarismopaulista.com/wp-content/uploads/2019/08/Danio-kerri.jpg');
INSERT INTO fish_ph (fish_id, ph_id) VALUES(18, 5);
INSERT INTO fish_dh (fish_id, dh_id) VALUES(18, 2);
INSERT INTO fish_dh (fish_id, dh_id) VALUES(18, 3);
INSERT INTO fish_compatility (fish_id, compatible_fish_id) VALUES(18, 2); -- Acará Bandiera
INSERT INTO fish_compatility (fish_id, compatible_fish_id) VALUES(18, 8); -- Cascudo
INSERT INTO fish_compatility (fish_id, compatible_fish_id) VALUES(18, 4); -- Barbo
INSERT INTO fish_compatility (fish_id, compatible_fish_id) VALUES(18, 6); -- Betta
INSERT INTO fish_compatility (fish_id, compatible_fish_id) VALUES(18, 16); -- Coridora
INSERT INTO fish_compatility (fish_id, compatible_fish_id) VALUES(18, 18); -- Danio
INSERT INTO fish_compatility (fish_id, compatible_fish_id) VALUES(18, 19); -- Acará Disco
INSERT INTO fish_compatility (fish_id, compatible_fish_id) VALUES(18, 21); -- Kinguio
INSERT INTO fish_compatility (fish_id, compatible_fish_id) VALUES(18, 22); -- Colisa
INSERT INTO fish_compatility (fish_id, compatible_fish_id) VALUES(18, 27); -- Faca
INSERT INTO fish_compatility (fish_id, compatible_fish_id) VALUES(18, 35); -- Paulistinha
INSERT INTO fish_compatility (fish_id, compatible_fish_id) VALUES(18, 36); -- Arco Irís
INSERT INTO fish_compatility (fish_id, compatible_fish_id) VALUES(18, 44); -- Labeo
INSERT INTO fish_compatility (fish_id, compatible_fish_id) VALUES(18, 45); -- Limpa vidro
INSERT INTO fish_compatility (fish_id, compatible_fish_id) VALUES(18, 50); -- Tanictis
INSERT INTO fish_compatility (fish_id, compatible_fish_id) VALUES(18, 51); -- BalaShark
INSERT INTO fish_compatility (fish_id, compatible_fish_id) VALUES(18, 53); -- Rodostomo
INSERT INTO fish_compatility (fish_id, compatible_fish_id) VALUES(18, 54); -- Kribensis
INSERT INTO fish_compatility (fish_id, compatible_fish_id) VALUES(18, 55); -- Acará Festivo

INSERT INTO fish (id, name, size, minnumber, mintemperature, maxtemperature, widthtank, lengthtank,imageurl)
VALUES(21, 'Kinguio', 15, 1, 10, 28, 100, 50,'http://www.aquarismopaulista.com/wp-content/uploads/2015/12/Carassius-auratus.jpg');
INSERT INTO fish_ph (fish_id, ph_id) VALUES(21, 5);
INSERT INTO fish_dh (fish_id, dh_id) VALUES(21, 2);
INSERT INTO fish_dh (fish_id, dh_id) VALUES(21, 3);
INSERT INTO fish_dh (fish_id, dh_id) VALUES(21, 4);
INSERT INTO fish_compatility (fish_id, compatible_fish_id) VALUES(21, 8); -- Cascudo
INSERT INTO fish_compatility (fish_id, compatible_fish_id) VALUES(21, 5); -- Beijador
INSERT INTO fish_compatility (fish_id, compatible_fish_id) VALUES(21, 16); -- Coridora
INSERT INTO fish_compatility (fish_id, compatible_fish_id) VALUES(21, 18); -- Danio
INSERT INTO fish_compatility (fish_id, compatible_fish_id) VALUES(21, 21); -- Kinguio
INSERT INTO fish_compatility (fish_id, compatible_fish_id) VALUES(21, 22); -- Colisa
INSERT INTO fish_compatility (fish_id, compatible_fish_id) VALUES(21, 27); -- Faca
INSERT INTO fish_compatility (fish_id, compatible_fish_id) VALUES(21, 36); -- Arco Irís
INSERT INTO fish_compatility (fish_id, compatible_fish_id) VALUES(21, 44); -- Labeo
INSERT INTO fish_compatility (fish_id, compatible_fish_id) VALUES(21, 45); -- Limpa vidro
INSERT INTO fish_compatility (fish_id, compatible_fish_id) VALUES(21, 55); -- Acará Festivo

INSERT INTO fish (id, name, size, minnumber, mintemperature, maxtemperature, widthtank, lengthtank,imageurl)
VALUES(27, 'Faca', 20, 1, 23, 28, 100, 50,'http://www.aquarismopaulista.com/wp-content/uploads/2015/08/Xenomystus-nigri.jpg');
INSERT INTO fish_ph (fish_id, ph_id) VALUES(27, 5);
INSERT INTO fish_dh (fish_id, dh_id) VALUES(27, 1);
INSERT INTO fish_dh (fish_id, dh_id) VALUES(27, 2);
INSERT INTO fish_dh (fish_id, dh_id) VALUES(27, 3);
INSERT INTO fish_dh (fish_id, dh_id) VALUES(27, 4);
INSERT INTO fish_dh (fish_id, dh_id) VALUES(27, 5);
INSERT INTO fish_compatility (fish_id, compatible_fish_id) VALUES(27, 2); -- Acará Bandiera
INSERT INTO fish_compatility (fish_id, compatible_fish_id) VALUES(27, 8); -- Cascudo
INSERT INTO fish_compatility (fish_id, compatible_fish_id) VALUES(27, 5); -- Beijador
INSERT INTO fish_compatility (fish_id, compatible_fish_id) VALUES(27, 4); -- Barbo
INSERT INTO fish_compatility (fish_id, compatible_fish_id) VALUES(27, 6); -- Betta
INSERT INTO fish_compatility (fish_id, compatible_fish_id) VALUES(27, 16); -- Coridora
INSERT INTO fish_compatility (fish_id, compatible_fish_id) VALUES(27, 18); -- Danio
INSERT INTO fish_compatility (fish_id, compatible_fish_id) VALUES(27, 21); -- Kinguio
INSERT INTO fish_compatility (fish_id, compatible_fish_id) VALUES(27, 22); -- Colisa
INSERT INTO fish_compatility (fish_id, compatible_fish_id) VALUES(27, 27); -- Faca
INSERT INTO fish_compatility (fish_id, compatible_fish_id) VALUES(27, 36); -- Arco Irís
INSERT INTO fish_compatility (fish_id, compatible_fish_id) VALUES(27, 44); -- Labeo
INSERT INTO fish_compatility (fish_id, compatible_fish_id) VALUES(27, 45); -- Limpa vidro

INSERT INTO fish (id, name, size, minnumber, mintemperature, maxtemperature, widthtank, lengthtank,imageurl)
VALUES(35, 'Paulistinha', 3, 6, 18, 28, 80, 30,'http://www.aquarismopaulista.com/wp-content/uploads/2015/09/Danio-rerio.jpg');
INSERT INTO fish_ph (fish_id, ph_id) VALUES(35, 5);
INSERT INTO fish_dh (fish_id, dh_id) VALUES(35, 2);
INSERT INTO fish_dh (fish_id, dh_id) VALUES(35, 3);
INSERT INTO fish_dh (fish_id, dh_id) VALUES(35, 4);
INSERT INTO fish_compatility (fish_id, compatible_fish_id) VALUES(35, 8); -- Cascudo
INSERT INTO fish_compatility (fish_id, compatible_fish_id) VALUES(35, 4); -- Barbo
INSERT INTO fish_compatility (fish_id, compatible_fish_id) VALUES(35, 6); -- Betta
INSERT INTO fish_compatility (fish_id, compatible_fish_id) VALUES(35, 16); -- Coridora
INSERT INTO fish_compatility (fish_id, compatible_fish_id) VALUES(35, 18); -- Danio
INSERT INTO fish_compatility (fish_id, compatible_fish_id) VALUES(35, 22); -- Colisa
INSERT INTO fish_compatility (fish_id, compatible_fish_id) VALUES(35, 35); -- Paulistinha
INSERT INTO fish_compatility (fish_id, compatible_fish_id) VALUES(35, 36); -- Arco Irís
INSERT INTO fish_compatility (fish_id, compatible_fish_id) VALUES(35, 44); -- Labeo
INSERT INTO fish_compatility (fish_id, compatible_fish_id) VALUES(35, 45); -- Limpa vidro
INSERT INTO fish_compatility (fish_id, compatible_fish_id) VALUES(35, 50); -- Tanictis

INSERT INTO fish (id, name, size, minnumber, mintemperature, maxtemperature, widthtank, lengthtank,imageurl)
VALUES(36, 'Arco Íris', 7, 6, 23, 28, 80, 30,'http://www.aquarismopaulista.com/wp-content/uploads/2016/09/Glossolepis-dorityi3.jpg');
INSERT INTO fish_ph (fish_id, ph_id) VALUES(36, 5);
INSERT INTO fish_dh (fish_id, dh_id) VALUES(36, 3);
INSERT INTO fish_dh (fish_id, dh_id) VALUES(36, 4);
INSERT INTO fish_compatility (fish_id, compatible_fish_id) VALUES(36, 2); -- Acará Bandiera
INSERT INTO fish_compatility (fish_id, compatible_fish_id) VALUES(36, 8); -- Cascudo
INSERT INTO fish_compatility (fish_id, compatible_fish_id) VALUES(36, 5); -- Beijador
INSERT INTO fish_compatility (fish_id, compatible_fish_id) VALUES(36, 4); -- Barbo
INSERT INTO fish_compatility (fish_id, compatible_fish_id) VALUES(36, 6); -- Betta
INSERT INTO fish_compatility (fish_id, compatible_fish_id) VALUES(36, 16); -- Coridora
INSERT INTO fish_compatility (fish_id, compatible_fish_id) VALUES(36, 18); -- Danio
INSERT INTO fish_compatility (fish_id, compatible_fish_id) VALUES(36, 21); -- Kinguio
INSERT INTO fish_compatility (fish_id, compatible_fish_id) VALUES(36, 22); -- Colisa
INSERT INTO fish_compatility (fish_id, compatible_fish_id) VALUES(36, 27); -- Faca
INSERT INTO fish_compatility (fish_id, compatible_fish_id) VALUES(36, 35); -- Paulistinha
INSERT INTO fish_compatility (fish_id, compatible_fish_id) VALUES(36, 36); -- Arco Irís
INSERT INTO fish_compatility (fish_id, compatible_fish_id) VALUES(36, 44); -- Labeo
INSERT INTO fish_compatility (fish_id, compatible_fish_id) VALUES(36, 45); -- Limpa vidro
INSERT INTO fish_compatility (fish_id, compatible_fish_id) VALUES(36, 50); -- Tanictis

INSERT INTO fish (id, name, size, minnumber, mintemperature, maxtemperature, widthtank, lengthtank,imageurl)
VALUES(44, 'Labeo', 10, 1, 24, 28, 100, 50,'http://www.aquarismopaulista.com/wp-content/uploads/2014/09/Epalzeorhynchos-bicolor41.jpg');
INSERT INTO fish_ph (fish_id, ph_id) VALUES(44, 5);
INSERT INTO fish_dh (fish_id, dh_id) VALUES(44, 3);
INSERT INTO fish_dh (fish_id, dh_id) VALUES(44, 4);
INSERT INTO fish_compatility (fish_id, compatible_fish_id) VALUES(44, 2); -- Acará Bandiera
INSERT INTO fish_compatility (fish_id, compatible_fish_id) VALUES(44, 8); -- Cascudo
INSERT INTO fish_compatility (fish_id, compatible_fish_id) VALUES(44, 5); -- Beijador
INSERT INTO fish_compatility (fish_id, compatible_fish_id) VALUES(44, 4); -- Barbo
INSERT INTO fish_compatility (fish_id, compatible_fish_id) VALUES(44, 6); -- Betta
INSERT INTO fish_compatility (fish_id, compatible_fish_id) VALUES(44, 16); -- Coridora
INSERT INTO fish_compatility (fish_id, compatible_fish_id) VALUES(44, 18); -- Danio
INSERT INTO fish_compatility (fish_id, compatible_fish_id) VALUES(44, 21); -- Kinguio
INSERT INTO fish_compatility (fish_id, compatible_fish_id) VALUES(44, 22); -- Colisa
INSERT INTO fish_compatility (fish_id, compatible_fish_id) VALUES(44, 27); -- Faca
INSERT INTO fish_compatility (fish_id, compatible_fish_id) VALUES(44, 36); -- Paulistinha
INSERT INTO fish_compatility (fish_id, compatible_fish_id) VALUES(44, 36); -- Arco Irís
INSERT INTO fish_compatility (fish_id, compatible_fish_id) VALUES(44, 44); -- Labeo
INSERT INTO fish_compatility (fish_id, compatible_fish_id) VALUES(44, 45); -- Limpa vidro
INSERT INTO fish_compatility (fish_id, compatible_fish_id) VALUES(44, 50); -- Tanictis

INSERT INTO fish (id, name, size, minnumber, mintemperature, maxtemperature, widthtank, lengthtank,imageurl)
VALUES(45, 'Limpa Vidro', 3, 6, 20, 28, 60, 30,'http://www.aquarismopaulista.com/wp-content/uploads/2016/02/Macrotocinclus-affinis.jpg');
INSERT INTO fish_ph (fish_id, ph_id) VALUES(45, 5);
INSERT INTO fish_dh (fish_id, dh_id) VALUES(45, 2);
INSERT INTO fish_dh (fish_id, dh_id) VALUES(45, 3);
INSERT INTO fish_dh (fish_id, dh_id) VALUES(45, 4);
INSERT INTO fish_compatility (fish_id, compatible_fish_id) VALUES(45, 2); -- Acará Bandiera
INSERT INTO fish_compatility (fish_id, compatible_fish_id) VALUES(45, 8); -- Cascudo
INSERT INTO fish_compatility (fish_id, compatible_fish_id) VALUES(45, 5); -- Beijador
INSERT INTO fish_compatility (fish_id, compatible_fish_id) VALUES(45, 4); -- Barbo
INSERT INTO fish_compatility (fish_id, compatible_fish_id) VALUES(45, 6); -- Betta
INSERT INTO fish_compatility (fish_id, compatible_fish_id) VALUES(45, 16); -- Coridora
INSERT INTO fish_compatility (fish_id, compatible_fish_id) VALUES(45, 18); -- Danio
INSERT INTO fish_compatility (fish_id, compatible_fish_id) VALUES(45, 19); -- Acará Disco
INSERT INTO fish_compatility (fish_id, compatible_fish_id) VALUES(45, 21); -- Kinguio
INSERT INTO fish_compatility (fish_id, compatible_fish_id) VALUES(45, 22); -- Colisa
INSERT INTO fish_compatility (fish_id, compatible_fish_id) VALUES(45, 27); -- Faca
INSERT INTO fish_compatility (fish_id, compatible_fish_id) VALUES(45, 34); -- Oscar
INSERT INTO fish_compatility (fish_id, compatible_fish_id) VALUES(45, 35); -- Paulistinha
INSERT INTO fish_compatility (fish_id, compatible_fish_id) VALUES(45, 36); -- Arco Irís
INSERT INTO fish_compatility (fish_id, compatible_fish_id) VALUES(45, 44); -- Labeo
INSERT INTO fish_compatility (fish_id, compatible_fish_id) VALUES(45, 45); -- Limpa vidro
INSERT INTO fish_compatility (fish_id, compatible_fish_id) VALUES(45, 50); -- Tanictis
INSERT INTO fish_compatility (fish_id, compatible_fish_id) VALUES(45, 55); -- Acará Festivo

INSERT INTO fish (id, name, size, minnumber, mintemperature, maxtemperature, widthtank, lengthtank,imageurl)
VALUES(46, 'Peixe gato invertido', 8, 6, 22, 28, 80, 30,'http://www.aquarismopaulista.com/wp-content/uploads/2014/09/Synodontis-nigriventris1.jpg');
INSERT INTO fish_ph (fish_id, ph_id) VALUES(46, 5);
INSERT INTO fish_ph (fish_id, ph_id) VALUES(46, 2);
INSERT INTO fish_dh (fish_id, dh_id) VALUES(46, 3);
INSERT INTO fish_compatility (fish_id, compatible_fish_id) VALUES(46, 2); -- Acará Bandiera
INSERT INTO fish_compatility (fish_id, compatible_fish_id) VALUES(46, 8); -- Cascudo
INSERT INTO fish_compatility (fish_id, compatible_fish_id) VALUES(46, 5); -- Beijador
INSERT INTO fish_compatility (fish_id, compatible_fish_id) VALUES(46, 4); -- Barbo
INSERT INTO fish_compatility (fish_id, compatible_fish_id) VALUES(46, 6); -- Betta
INSERT INTO fish_compatility (fish_id, compatible_fish_id) VALUES(46, 16); -- Coridora
INSERT INTO fish_compatility (fish_id, compatible_fish_id) VALUES(46, 18); -- Danio
INSERT INTO fish_compatility (fish_id, compatible_fish_id) VALUES(46, 19); -- Acará Disco
INSERT INTO fish_compatility (fish_id, compatible_fish_id) VALUES(46, 21); -- Kinguio
INSERT INTO fish_compatility (fish_id, compatible_fish_id) VALUES(46, 22); -- Colisa
INSERT INTO fish_compatility (fish_id, compatible_fish_id) VALUES(46, 27); -- Faca
INSERT INTO fish_compatility (fish_id, compatible_fish_id) VALUES(46, 36); -- Arco Irís
INSERT INTO fish_compatility (fish_id, compatible_fish_id) VALUES(46, 44); -- Labeo
INSERT INTO fish_compatility (fish_id, compatible_fish_id) VALUES(46, 45); -- Limpa vidro

INSERT INTO fish (id, name, size, minnumber, mintemperature, maxtemperature, widthtank, lengthtank,imageurl)
VALUES(50, 'Tanictis', 3, 6, 18, 28, 60, 30,'http://www.aquarismopaulista.com/wp-content/uploads/Tanichthys-albonubes.jpg');
INSERT INTO fish_ph (fish_id, ph_id) VALUES(50, 5)
INSERT INTO fish_dh (fish_id, dh_id) VALUES(50, 2);
INSERT INTO fish_dh (fish_id, dh_id) VALUES(50, 3);
INSERT INTO fish_dh (fish_id, dh_id) VALUES(50, 4);
INSERT INTO fish_compatility (fish_id, compatible_fish_id) VALUES(50, 2); -- Acará Bandiera
INSERT INTO fish_compatility (fish_id, compatible_fish_id) VALUES(50, 8); -- Cascudo
INSERT INTO fish_compatility (fish_id, compatible_fish_id) VALUES(50, 4); -- Barbo
INSERT INTO fish_compatility (fish_id, compatible_fish_id) VALUES(50, 6); -- Betta
INSERT INTO fish_compatility (fish_id, compatible_fish_id) VALUES(50, 16); -- Coridora
INSERT INTO fish_compatility (fish_id, compatible_fish_id) VALUES(50, 18); -- Danio
INSERT INTO fish_compatility (fish_id, compatible_fish_id) VALUES(50, 19); -- Acará Disco
INSERT INTO fish_compatility (fish_id, compatible_fish_id) VALUES(50, 27); -- Faca
INSERT INTO fish_compatility (fish_id, compatible_fish_id) VALUES(50, 35); -- Paulistinha
INSERT INTO fish_compatility (fish_id, compatible_fish_id) VALUES(50, 36); -- Arco Irís
INSERT INTO fish_compatility (fish_id, compatible_fish_id) VALUES(50, 44); -- Labeo
INSERT INTO fish_compatility (fish_id, compatible_fish_id) VALUES(50, 45); -- Limpa vidro
INSERT INTO fish_compatility (fish_id, compatible_fish_id) VALUES(50, 50); -- Tanictis
INSERT INTO fish_compatility (fish_id, compatible_fish_id) VALUES(50, 53); -- Rodostomo

INSERT INTO fish (id, name, size, minnumber, mintemperature, maxtemperature, widthtank, lengthtank,imageurl)
VALUES(51, 'Balashark', 30, 5, 24, 28, 130, 50,'http://www.aquarismopaulista.com/wp-content/uploads/2014/09/Balantiocheilos-melanopterus31.jpg');
INSERT INTO fish_ph (fish_id, ph_id) VALUES(51, 5)
INSERT INTO fish_dh (fish_id, dh_id) VALUES(51, 2);
INSERT INTO fish_compatility (fish_id, compatible_fish_id) VALUES(51, 2); -- Acará Bandiera
INSERT INTO fish_compatility (fish_id, compatible_fish_id) VALUES(51, 5); -- Beijador
INSERT INTO fish_compatility (fish_id, compatible_fish_id) VALUES(51, 19); -- Acará Disco
INSERT INTO fish_compatility (fish_id, compatible_fish_id) VALUES(51, 51); -- BalaShark
INSERT INTO fish_compatility (fish_id, compatible_fish_id) VALUES(51, 16); -- Coridora


-- PH Acido e Neutro

INSERT INTO fish (id, name, size, minnumber, mintemperature, maxtemperature, widthtank, lengthtank,imageurl)
VALUES(8, 'Cascudo', 12, 1, 22, 24, 100, 50,'http://www.aquarismopaulista.com/wp-content/uploads/2017/07/Harttia-kronei.jpg');
INSERT INTO fish_ph (fish_id, ph_id) VALUES(8, 3);
INSERT INTO fish_ph (fish_id, ph_id) VALUES(8, 4);
INSERT INTO fish_ph (fish_id, ph_id) VALUES(8, 5);
INSERT INTO fish_dh (fish_id, dh_id) VALUES(8, 1);
INSERT INTO fish_dh (fish_id, dh_id) VALUES(8, 2);
INSERT INTO fish_dh (fish_id, dh_id) VALUES(8, 3);

INSERT INTO fish (id, name, size, minnumber, mintemperature, maxtemperature, widthtank, lengthtank,imageurl)
VALUES(55, 'Acará Festivo', 15, 5, 24, 32, 100, 50,'http://www.aquarismopaulista.com/wp-content/uploads/2014/09/Mesonauta-festivus1.jpg');
INSERT INTO fish_ph (fish_id, ph_id) VALUES(55, 3)
INSERT INTO fish_ph (fish_id, ph_id) VALUES(55, 4)
INSERT INTO fish_ph (fish_id, ph_id) VALUES(55, 5)
INSERT INTO fish_dh (fish_id, dh_id) VALUES(55, 2);

INSERT INTO fish (id, name, size, minnumber, mintemperature, maxtemperature, widthtank, lengthtank,imageurl)
VALUES(19, 'Acará Disco', 15, 6, 26, 30, 100, 40,'http://www.aquarismopaulista.com/wp-content/uploads/2018/06/Symphysodon-aquifasciatus.jpg');
INSERT INTO fish_ph (fish_id, ph_id) VALUES(19, 3);
INSERT INTO fish_ph (fish_id, ph_id) VALUES(19, 4);
INSERT INTO fish_ph (fish_id, ph_id) VALUES(19, 5);
INSERT INTO fish_dh (fish_id, dh_id) VALUES(19, 1);

INSERT INTO fish (id, name, size, minnumber, mintemperature, maxtemperature, widthtank, lengthtank,imageurl)
VALUES(4, 'Barbo', 5, 6, 18, 28, 80, 30,'http://www.aquarismopaulista.com/wp-content/uploads/2014/08/Puntius-semifasciolatus1.jpg');
INSERT INTO fish_ph (fish_id, ph_id) VALUES(4, 3);
INSERT INTO fish_ph (fish_id, ph_id) VALUES(4, 4);
INSERT INTO fish_ph (fish_id, ph_id) VALUES(4, 5);
INSERT INTO fish_dh (fish_id, dh_id) VALUES(4, 2);
INSERT INTO fish_dh (fish_id, dh_id) VALUES(4, 3);
INSERT INTO fish_dh (fish_id, dh_id) VALUES(4, 4);

INSERT INTO fish (id, name, size, minnumber, mintemperature, maxtemperature, widthtank, lengthtank,imageurl)
VALUES(2, 'Acará Bandeira', 12, 6, 24, 30, 100, 50,'http://www.aquarismopaulista.com/wp-content/uploads/2014/09/Pterophyllum-scalare1.jpg');
INSERT INTO fish_ph (fish_id, ph_id) VALUES(2, 3);
INSERT INTO fish_ph (fish_id, ph_id) VALUES(2, 4);
INSERT INTO fish_ph (fish_id, ph_id) VALUES(2, 5);
INSERT INTO fish_dh (fish_id, dh_id) VALUES(2, 2);
INSERT INTO fish_dh (fish_id, dh_id) VALUES(2, 3);

INSERT INTO fish (id, name, size, minnumber, mintemperature, maxtemperature, widthtank, lengthtank,imageurl)
VALUES(53, 'Rodostomus', 5, 10, 24, 30, 80, 30,'http://www.aquarismopaulista.com/wp-content/uploads/2014/09/Hemigrammus-rhodostomus1.jpg');
INSERT INTO fish_ph (fish_id, ph_id) VALUES(53, 3)
INSERT INTO fish_ph (fish_id, ph_id) VALUES(53, 4)
INSERT INTO fish_ph (fish_id, ph_id) VALUES(53, 5)
INSERT INTO fish_dh (fish_id, dh_id) VALUES(53, 1);
INSERT INTO fish_dh (fish_id, dh_id) VALUES(53, 2);

INSERT INTO fish (id, name, size, minnumber, mintemperature, maxtemperature, widthtank, lengthtank,imageurl)
VALUES(54, 'Kribensis', 6, 1, 24, 28, 80, 30,'http://www.aquarismopaulista.com/wp-content/uploads/2015/07/Pelvicachromis-pulcher.jpg');
INSERT INTO fish_ph (fish_id, ph_id) VALUES(54, 3)
INSERT INTO fish_ph (fish_id, ph_id) VALUES(54, 4)
INSERT INTO fish_ph (fish_id, ph_id) VALUES(54, 5)
INSERT INTO fish_dh (fish_id, dh_id) VALUES(54, 2);
INSERT INTO fish_dh (fish_id, dh_id) VALUES(54, 3);
INSERT INTO fish_dh (fish_id, dh_id) VALUES(54, 4);

INSERT INTO fish (id, name, size, minnumber, mintemperature, maxtemperature, widthtank, lengthtank,imageurl)
VALUES(22, 'Colisa', 7, 1, 22, 28, 80, 30,'http://www.aquarismopaulista.com/wp-content/uploads/Thricogaster-labiosa.jpg');
INSERT INTO fish_ph (fish_id, ph_id) VALUES(22, 4);
INSERT INTO fish_ph (fish_id, ph_id) VALUES(22, 5);
INSERT INTO fish_dh (fish_id, dh_id) VALUES(22, 1);
INSERT INTO fish_dh (fish_id, dh_id) VALUES(22, 2);
INSERT INTO fish_dh (fish_id, dh_id) VALUES(22, 3);

INSERT INTO fish (id, name, size, minnumber, mintemperature, maxtemperature, widthtank, lengthtank,imageurl)
VALUES(34, 'Oscar', 25, 1, 24, 28, 100, 50,'http://www.aquarismopaulista.com/wp-content/uploads/2016/05/Astronotus-crassipinnis.jpg');
INSERT INTO fish_ph (fish_id, ph_id) VALUES(34, 4)
INSERT INTO fish_ph (fish_id, ph_id) VALUES(34, 5)
INSERT INTO fish_dh (fish_id, dh_id) VALUES(34, 2);
INSERT INTO fish_dh (fish_id, dh_id) VALUES(34, 3);
INSERT INTO fish_dh (fish_id, dh_id) VALUES(34, 4);
INSERT INTO fish_dh (fish_id, dh_id) VALUES(34, 5);


-- PH Alcalino
INSERT INTO fish (id, name, size, minnumber, mintemperature, maxtemperature, widthtank, lengthtank,imageurl)
VALUES(20, 'Espada', 10, 6, 22, 28, 80, 30,'http://www.aquarismopaulista.com/wp-content/uploads/2017/10/Xiphophorus-hellerii.jpg');
INSERT INTO fish_ph (fish_id, ph_id) VALUES(20, 6);
INSERT INTO fish_dh (fish_id, dh_id) VALUES(20, 3);
INSERT INTO fish_dh (fish_id, dh_id) VALUES(20, 4);
INSERT INTO fish_dh (fish_id, dh_id) VALUES(20, 5);

INSERT INTO fish (id, name, size, minnumber, mintemperature, maxtemperature, widthtank, lengthtank,imageurl)
VALUES(23, 'Lebiste', 3, 1, 17, 28, 40, 30,'http://www.aquarismopaulista.com/wp-content/uploads/2015/07/Poecilia-reticulata.jpg');
INSERT INTO fish_ph (fish_id, ph_id) VALUES(23, 6);
INSERT INTO fish_dh (fish_id, dh_id) VALUES(23, 3);

INSERT INTO fish (id, name, size, minnumber, mintemperature, maxtemperature, widthtank, lengthtank,imageurl)
VALUES(24, 'Haplochromis', 8, 1, 22, 28, 100, 50,'http://www.aquarismopaulista.com/wp-content/uploads/2016/03/Haplochromis-nyererei.jpg');
INSERT INTO fish_ph (fish_id, ph_id) VALUES(24, 6)
INSERT INTO fish_dh (fish_id, dh_id) VALUES(24, 3);
INSERT INTO fish_dh (fish_id, dh_id) VALUES(24, 4);

INSERT INTO fish (id, name, size, minnumber, mintemperature, maxtemperature, widthtank, lengthtank,imageurl)
VALUES(30, 'Molinésia', 4, 1, 18, 28, 80, 30,'http://www.aquarismopaulista.com/wp-content/uploads/2015/07/Poecilia-sphenops3.jpg');
INSERT INTO fish_ph (fish_id, ph_id) VALUES(30, 6)
INSERT INTO fish_dh (fish_id, dh_id) VALUES(30, 3);
INSERT INTO fish_dh (fish_id, dh_id) VALUES(30, 4);
INSERT INTO fish_dh (fish_id, dh_id) VALUES(30, 5);

INSERT INTO fish (id, name, size, minnumber, mintemperature, maxtemperature, widthtank, lengthtank,imageurl)
VALUES(39, 'Plati', 4, 6, 18, 28, 80, 30,'http://www.aquarismopaulista.com/wp-content/uploads/2015/07/Xiphophorus-maculatus4-1.jpg');
INSERT INTO fish_ph (fish_id, ph_id) VALUES(39, 6)
INSERT INTO fish_dh (fish_id, dh_id) VALUES(39, 3);
INSERT INTO fish_dh (fish_id, dh_id) VALUES(39, 4);



-- template

-- acido
INSERT INTO fish_compatility (fish_id, compatible_fish_id) VALUES(2, 1); -- Borboleta
INSERT INTO fish_compatility (fish_id, compatible_fish_id) VALUES(2, 13); -- Apistograma
INSERT INTO fish_compatility (fish_id, compatible_fish_id) VALUES(2, 17); -- Cruzeiro do sul
INSERT INTO fish_compatility (fish_id, compatible_fish_id) VALUES(2, 26); -- Killifish
INSERT INTO fish_compatility (fish_id, compatible_fish_id) VALUES(2, 29); -- Mocinha
INSERT INTO fish_compatility (fish_id, compatible_fish_id) VALUES(2, 33); -- Neon
INSERT INTO fish_compatility (fish_id, compatible_fish_id) VALUES(2, 37); -- Mato Grosso
INSERT INTO fish_compatility (fish_id, compatible_fish_id) VALUES(2, 42); -- Rosaceo
INSERT INTO fish_compatility (fish_id, compatible_fish_id) VALUES(2, 43); -- Ramirezi
INSERT INTO fish_compatility (fish_id, compatible_fish_id) VALUES(2, 47); -- Tetra
INSERT INTO fish_compatility (fish_id, compatible_fish_id) VALUES(2, 56); -- Tetra Negro
INSERT INTO fish_compatility (fish_id, compatible_fish_id) VALUES(2, 48); -- Tricogaster Leeri
INSERT INTO fish_compatility (fish_id, compatible_fish_id) VALUES(2, 49); -- Tricogaster
INSERT INTO fish_compatility (fish_id, compatible_fish_id) VALUES(2, 52); -- Engraçãdinho

-- ligeriramene acido
INSERT INTO fish_compatility (fish_id, compatible_fish_id) VALUES(2, 7); -- Botia
INSERT INTO fish_compatility (fish_id, compatible_fish_id) VALUES(2, 41); -- Rasbora

-- neutro + ligeiramente acido
INSERT INTO fish_compatility (fish_id, compatible_fish_id) VALUES(2, 22); -- Colisa
INSERT INTO fish_compatility (fish_id, compatible_fish_id) VALUES(2, 34); -- Oscar

-- neutro + acido
INSERT INTO fish_compatility (fish_id, compatible_fish_id) VALUES(2, 4); -- Barbo
INSERT INTO fish_compatility (fish_id, compatible_fish_id) VALUES(2, 19); -- Acará Disco
INSERT INTO fish_compatility (fish_id, compatible_fish_id) VALUES(2, 2); -- Acará Bandiera
INSERT INTO fish_compatility (fish_id, compatible_fish_id) VALUES(2, 8); -- Cascudo
INSERT INTO fish_compatility (fish_id, compatible_fish_id) VALUES(2, 53); -- Rodostomo
INSERT INTO fish_compatility (fish_id, compatible_fish_id) VALUES(2, 54); -- Kribensis
INSERT INTO fish_compatility (fish_id, compatible_fish_id) VALUES(2, 55); -- Acará Festivo

-- neutro
INSERT INTO fish_compatility (fish_id, compatible_fish_id) VALUES(2, 5); -- Beijador
INSERT INTO fish_compatility (fish_id, compatible_fish_id) VALUES(2, 6); -- Betta
INSERT INTO fish_compatility (fish_id, compatible_fish_id) VALUES(2, 16); -- Coridora
INSERT INTO fish_compatility (fish_id, compatible_fish_id) VALUES(2, 18); -- Danio
INSERT INTO fish_compatility (fish_id, compatible_fish_id) VALUES(2, 21); -- Kinguio
INSERT INTO fish_compatility (fish_id, compatible_fish_id) VALUES(2, 27); -- Faca
INSERT INTO fish_compatility (fish_id, compatible_fish_id) VALUES(2, 32); -- Moreia
INSERT INTO fish_compatility (fish_id, compatible_fish_id) VALUES(2, 35); -- Paulistinha
INSERT INTO fish_compatility (fish_id, compatible_fish_id) VALUES(2, 36); -- Arco Irís
INSERT INTO fish_compatility (fish_id, compatible_fish_id) VALUES(2, 44); -- Labeo
INSERT INTO fish_compatility (fish_id, compatible_fish_id) VALUES(2, 45); -- Limpa vidro
INSERT INTO fish_compatility (fish_id, compatible_fish_id) VALUES(2, 50); -- Tanictis
INSERT INTO fish_compatility (fish_id, compatible_fish_id) VALUES(2, 51); -- BalaShark

-- alcalino
INSERT INTO fish_compatility (fish_id, compatible_fish_id) VALUES(2, 20); -- Espada
INSERT INTO fish_compatility (fish_id, compatible_fish_id) VALUES(2, 23); -- Lebiste
INSERT INTO fish_compatility (fish_id, compatible_fish_id) VALUES(2, 24); -- Haplochomus
INSERT INTO fish_compatility (fish_id, compatible_fish_id) VALUES(2, 30); -- Molinesia
INSERT INTO fish_compatility (fish_id, compatible_fish_id) VALUES(2, 39); -- Plati

ALTER TABLE fish_compatility add constraint compatiblity_id_fk FOREIGN KEY (fish_id) REFERENCES fish(id);
ALTER TABLE fish_compatility add constraint compatiblity_id2_fk FOREIGN KEY (compatible_fish_id) REFERENCES fish(id);



